,title,video_id,video_date,video_view,video_like
0,NEOPLE - 루키 4인팟이 전하는 입사 꿀팁,YOgOfpdHkRk,2022-03-30T04:24:50Z,2481,37
1,NEOPLE - 네오플과 함께한 16년,eJ76enP5JSQ,2022-03-30T04:24:45Z,2585,76
2,[던파] 우리는... 100의 민족입니까? (메이킹 필름),dlg9e5vZpSM,2022-03-28T02:37:57Z,1863,52
3,[던파] 던.직.이(?) 감스트가 소개하는 110레벨 만렙 확장 업데이트,FkD3jqoXquA,2022-03-17T04:04:13Z,18021,380
4,[던파] 우리는... 100의 민족입니까?,HbZFryV0JQ8,2022-03-17T03:03:55Z,984382,872
5,[던파] 우리는... 100의 민족입니까? (예고편),4Ro9IPezQ-I,2022-03-17T03:03:48Z,3578817,55
6,[던파] 만렙 확장 업데이트 프로모션 영상 (30초),uCVoMNxA9s4,2022-03-17T03:03:39Z,1044527,36
7,[던파] 시즌 8. THE NEXT JOURNEY,PDdlxwhNW4w,2022-03-16T12:12:42Z,24901,237
8,던파 스토리 '진실이 닿는 곳' 3화,xz5of2UNjeg,2022-03-10T01:00:40Z,2358,24
9,던파 스토리 '진실이 닿는 곳' 2화,YN-xHlfUAek,2022-03-03T01:02:18Z,2962,29
10,던파 스토리 '진실이 닿는 곳' 1화,zCbxUsGAx2g,2022-02-24T01:01:02Z,6486,74
11,[던파] 진(眞) 스핏파이어 플레이,tMyI7NF3beQ,2022-02-10T01:01:32Z,56973,333
12,[던파] 眞 넨마스터 플레이,eDXUifK4DqY,2022-02-10T01:01:31Z,29547,154
13,[던파] 올 겨울...던파에 큰거온다!,lQDvCfCsv70,2022-01-13T01:02:29Z,1928583,2077
14,[던파] 올 겨울..던파에 큰거온다! (30초 ver.),B9n-zFwT7Hs,2022-01-13T01:02:21Z,3983776,136
15,[던파] 어썰트 & 윈터 페스티벌 프로모션 영상 (30초 ver.),KJb-cZpYf3I,2022-01-13T01:02:12Z,2256945,110
16,[던파] 진(眞) 어썰트 플레이,hdnO99AvknM,2022-01-12T07:01:47Z,53900,245
17,[던파OST] 남거너 테마곡 Nothing to lose (feat. 가호 & 케이브),YJeO6e2Ip04,2022-01-12T07:01:07Z,112232,882
18,[던파] 어썰트 애니메이션 티저,zmSd1noSWIc,2022-01-12T07:01:04Z,24290,269
19,[던파] 시즌7 Act 19. Assault : 폭격개시,3jwAqRIYP0Y,2022-01-12T07:00:59Z,30090,203
20,[던파] 디렉터가 간다! - 나무위키 읽기,WIWQrCvwZ3M,2022-01-07T03:00:22Z,135943,2099
21,[던파] DNFXHOOK 바람의 너를 Dance Ver.,a8_6KLjatIA,2021-12-30T03:30:09Z,4063712,1572
22,2021 던파페스티벌 THE NEXT THING 2부,faryCqUtBnE,2021-12-24T11:18:19Z,27198,145
23,[던파] 진(眞) 듀얼리스트,Ojo7F1QGYIk,2021-12-23T01:01:14Z,53759,288
24,[던파] 진(眞) 런처,oAYADsI6GZI,2021-12-23T01:01:12Z,127602,441
25,[던파] 진(眞) 쿠노이치,jlQP0rpp0_0,2021-12-23T01:01:10Z,76993,287
26,[던파] 진(眞) 무녀,A-tKfq8kCPM,2021-12-23T01:01:08Z,60242,247
27,[던파] 진(眞) 검귀 플레이,7cV-Z0EsfOw,2021-12-23T01:01:05Z,71566,257
28,[던파] 진(眞) 아수라 플레이,KvC3O9T6cdY,2021-12-23T01:01:02Z,105911,307
29,혹시.. 민초 좋아하세요? | DPL 2021 Winter 해설 모음,hOLziIbEMEE,2021-12-21T11:00:21Z,4682,69
30,2021 던파페스티벌 THE NEXT THING,H9bk5VvDcTM,2021-12-19T14:43:10Z,164706,949
31,남거너 신 전직 - 어썰트 플레이 영상,Cwws6w56AU4,2021-12-19T13:11:34Z,195546,911
32,마이스터의 실험실,1gdLSZI6EPc,2021-12-19T13:11:19Z,129469,575
33,성자 전쟁 플레이 영상,H8m9UxZThV8,2021-12-19T13:11:12Z,56195,204
34,노블레스 코드 플레이 영상,UiVR40G9SWw,2021-12-19T13:11:05Z,57167,189
35,파괴된 죽은 자의 성 플레이 영상,DISkSRyg6o8,2021-12-19T13:10:57Z,48051,169
36,이터널 플레임 연구소 플레이 영상,9coUMEUllGs,2021-12-19T13:10:51Z,31453,109
37,던전앤라이프,-XnGaFpZtOQ,2021-12-19T13:10:45Z,20797,113
38,폭룡왕이 다시 돌아온다,ZBCKVJbhInk,2021-12-19T13:10:38Z,55341,256
39,어썰트 오디오북 - 마지막 잠,eDHH-lSj8Do,2021-12-19T13:10:31Z,15440,93
40,최후의 승자 | 결승전 TOP 5 | DPL 2021 Winter HIGHLIGHT,Om98ho32iWo,2021-12-15T11:00:24Z,4007,35
41,DPL 2021 Winter 8화 | 개인전 4강 & 결승전 / 대장전 결승전,Gllw0g7TGeI,2021-12-15T02:00:02Z,6245,43
42,편세현 모음.zip | 개인전 8강 / 대장전 4강 TOP 5 | DPL 2021 Winter HIGHLIGHT,qwzNpMrglZM,2021-12-11T11:00:11Z,3256,30
43,DPL 2021 Winter 7화 | 개인전 8강 / 대장전 4강,x636glJ0Fuo,2021-12-11T02:00:09Z,4497,39
44,내가 반드시 이긴다! | 대장전 8강 풀리그 DAY-3 TOP 5 | DPL 2021 Winter HIGHLIGHT,fpfB2x7xrJE,2021-12-08T11:00:13Z,2277,18
45,DPL 2021 Winter 6화 | 대장전 8강 풀리그 DAY 3,RslawHPmZag,2021-12-08T02:00:04Z,3483,24
46,고기 먹은 다람쥐 맛 좀 볼래? | 개인전 16강 TOP 5 | DPL 2021 Winter HIGHLIGHT,Djah_ewWiik,2021-12-04T11:00:08Z,2491,12
47,DPL 2021 Winter 5화 | 개인전 16강,5pYBnXz1asg,2021-12-04T02:00:01Z,3793,26
48,아이쿠!! 또 1등이네? | 대장전 8강 풀리그 DAY-2 TOP 5 | DPL 2021 Winter HIGHLIGHT,xPsm5lX-fww,2021-12-01T11:04:03Z,2451,19
49,DPL 2021 Winter 4화 | 대장전 8강 풀리그 DAY 2,wiZ0h9sYMZE,2021-12-01T01:00:12Z,3932,31
50,단 47초!!! 편집을 거절한다! | 개인전 32강 B조 1~8경기 TOP 5 | DPL 2021 Winter HIGHLIGHT,9-nE_pmqz9M,2021-11-27T11:00:09Z,3747,35
51,DPL 2021 Winter 3화 | 개인전 32강 B조,TgR8YowGV10,2021-11-27T02:01:05Z,3928,34
52,[던파] 진(眞) 스트리트파이터 플레이,RUnURoEEHsY,2021-11-25T02:09:40Z,26220,104
53,[던파] 진(眞) 스트라이커 플레이,er6ejVMXKow,2021-11-25T01:00:43Z,50288,342
54,[던파] 진(眞) 이단심판관,YaVewpoZqKA,2021-11-25T01:00:41Z,52179,374
55,[던파] 진(眞) 넨마스터 플레이,QL547tnp-UA,2021-11-25T01:00:35Z,61070,336
56,[던파] 성승헌 캐스터와 함께하는 2021 던파 페스티벌!,qu_xxyHuDm8,2021-11-25T01:00:28Z,31437,271
57,내가 개인전 탈락이라고? 분노의 헥토 받아라!! | 대장전 8강 풀리그 DAY-1 TOP 5 | DPL 2021 Winter HIGHLIGHT,WOSYybleXgQ,2021-11-24T09:00:30Z,3159,39
58,DPL 2021 Winter 2화 | 대장전 8강 풀리그 DAY 1,1nKnhbXuylo,2021-11-24T01:00:00Z,4817,37
59,DPL 2021 Winter 1화 | 개인전 32강 A조,VFlHxXysyGs,2021-11-22T06:31:40Z,4370,31
60,승부 예측 맞히셨나요? 디스 이즈 역배!!! | 개인전 32강 A조 1~8경기 TOP 5 | DPL 2021 Winter HIGHLIGHT,SERUwNY37-E,2021-11-20T09:00:12Z,2199,26
61,성캐와 정준해설의 짬에서 나오는 VIBE | DPL 2021 Summer 리그 HIGHLIGHT,enu2ODmDO1A,2021-08-31T10:28:17Z,7665,110
62,[던파OST] It's Time to Rock n Roll,gOPueoK2uQo,2021-08-31T10:00:15Z,17475,271
63,[던파OST] It's Time to Rock n Roll (inst),A_Oh8z1VQdQ,2021-08-31T10:00:03Z,4221,55
64,기승전 ‘핵토엔딩’ | 대장전 결승전 / 개인전 4강 & 결승전 하이라이트 | DPL 2021 Summer HIGHLIGHT,20nzf-9j2Lg,2021-08-24T13:58:21Z,5500,42
65,DPL 2021 Summer - 8화 | 대장전 결승 & 개인전 4강/결승,ckMBKD8H54A,2021-08-24T13:19:11Z,7342,55
66,던파로ON 2021 SUMMER,qu3wprHYPW8,2021-08-23T08:12:53Z,22428,526
67,'패패승승승' 매운 맛 역배의 날| 대장전 4강 1~2경기 / 개인전 8강 1~4경기 하이라이트 | DPL 2021 Summer HIGHLIGHT,fyJT9he-xHw,2021-08-17T16:20:53Z,3201,28
68,DPL 2021 Summer - 7화 | 대장전 4강 & 개인전 8강 토너먼트,XMj-JVrKvJo,2021-08-17T13:36:43Z,5447,39
69,"민초 VS 반민초 논란 종결, DPL은 민초단이 접수! | 대장전 8강 풀리그 Day3 MATCH 19~28 하이라이트 | DPL 2021 Summer HIGHLIGHT",P4-0VdaZu9k,2021-08-10T17:00:11Z,3089,31
70,DPL 2021 Summer - 6화 | 대장전 8강 풀리그 Day3,uyme_uqmwM4,2021-08-10T13:38:54Z,4344,35
71,[던파OST] 히만스텔라의 깜짝 버스킹,niT3iigaes8,2021-08-09T04:11:30Z,41161,720
72,"팀원도 씹어 먹는 육식다람-ZI, 그런데 이제 귀여움을 곁들인... | 개인전 16강Match 1~8 하이라이트 | DPL 2021 Summer HIGHLIGHT",Pw3hVwYRlEU,2021-08-06T16:12:32Z,2950,30
73,DPL 2021 Summer - 5화 | 개인전 16강 1~8경기,-B9h-k7aI_o,2021-08-06T15:00:19Z,4112,34
74,1일 1올킬! 전규원은 결투장을 찢어 | 대장전 8강 풀리그 Day2 MATCH 10~18 하이라이트 | DPL 2021 Summer HIGHLIGHT,sYb2OBfUQCE,2021-08-04T10:30:31Z,1941,24
75,DPL 2021 Summer 4화 | 대장전 8강 풀리그 Day 2,lt24mrzDwzo,2021-08-04T10:30:25Z,3997,35
76,DPL 2021 Summer 3화 | 개인전 32강 B조,zikreZcsY1I,2021-07-30T18:03:00Z,5096,34
77,"16강 진출까지 필요한 시간, 60초! | 개인전 32강 B조 Match 1~8 하이라이트 | DPL 2021 Summer HIGHLIGHT",HzfFVTeexc8,2021-07-30T15:42:46Z,1956,15
78,DPL 2021 Summer 2화 | 대장전 8강 풀리그 Day 1,yd6ETRIrbMA,2021-07-27T23:02:07Z,6494,54
79,대장전 8강 풀리그 Day1 MATCH 1~9 하이라이트 | DPL 2021 Summer HIGHLIGHT,RM6BzvFiDP0,2021-07-27T14:39:10Z,2564,34
80,DPL 2021 Summer 1화 | 개인전 32강 A조,y6145H5x8b0,2021-07-26T07:38:47Z,9740,92
81,개인전 32강 A조 1~8경기 하이라이트 | DPL 2021 Summer HIGHLIGHT,eIPEvvYgvII,2021-07-26T03:02:13Z,5063,52
82,[던파] 블레이드 업데이트 (프로모션 영상),ryk1I37dJjg,2021-07-08T01:06:48Z,2520788,109
83,[던파] 아라드 레인저 2탄! 예고편 (Feat. 블레이드),QxtsY8x_bas,2021-07-08T01:05:26Z,3662716,265
84,[던파] 아라드 레인저 2탄! 메이킹 필름,raWdUmRWZiI,2021-07-08T01:01:15Z,15935,407
85,[던파] 아라드 레인저 2탄! (Feat. 블레이드),WiAEpmGAH2M,2021-07-08T01:01:09Z,4809015,3000
86,[던파] 시즌7 Act 18. BLADE : 복수의 여신,kgRsVTwREtM,2021-07-07T09:06:21Z,28081,246
87,[던파] 블레이드 애니메이션 - 새로운 칼날,2B81Z6c5QRM,2021-06-29T10:00:36Z,95908,2786
88,[던파OST] It's My War Now (2021 ver.),v7sPEF2PptM,2021-06-29T10:00:28Z,63916,602
89,[던파OST] It's My War Now (2021 ver.) (Inst.),rJNFXCSmtxY,2021-06-29T10:00:23Z,6896,75
90,[던파] 블레이드 오디오북 - 하얀 기억,6KJ2kWhCwZM,2021-06-24T10:00:46Z,26474,138
91,[던파] 블레이드 플레이 영상,ebTVBOVuNwM,2021-06-16T10:07:19Z,304588,831
92,[던파] 혼돈의 오즈마 시네마틱 모음 (Ozma Cinematics),buChYmGNsMA,2021-05-28T08:10:57Z,79804,612
93,[던파] 혼돈의 오즈마 레이드 업데이트 프로모션 영상 (30초 ver),rUu8mjE5xHg,2021-05-27T05:09:15Z,227309,163
94,[던파] 시즌7 Act 17. 혼돈의 오즈마,mLkXKC4asp4,2021-05-26T09:40:48Z,60291,377
95,[던파BGM] 혼돈의 왕좌 (Throne of the chaos - Ozma raid),LnqO2NIKqJU,2021-05-21T07:40:03Z,387826,1431
96,[던파BGM] 공포의 대지 - 보스 (Land of Terror Boss - Ozma raid),4BzGEVZHY3o,2021-05-21T07:40:03Z,105523,300
97,[던파BGM] 파멸의 길목 (Path of Ruin - Ozma raid),vFpSLr2n7PU,2021-05-21T07:40:03Z,43322,138
98,[던파BGM] 절망의 갈림길 - 보스 (Crossroads of despair Boss - Ozma raid),y3H6DUGQ1uo,2021-05-21T07:40:03Z,43070,142
99,"[던파BGM] 계시의 탑, 엘리노스 ((Tower of revelation, Elinos - Ozma raid)",yjYIK-BVyWo,2021-05-21T07:40:03Z,46333,97
100,"[던파BGM] 성자의 땅, 엘레리논의 관문 (Gate of Ellerinon - Ozma raid)",EAibbyy0NNM,2021-05-21T07:40:03Z,158607,526
101,[던파BGM] 파멸의 길목 - 보스 (Path of Ruin Boss - Ozma raid),RBux7YpKJK0,2021-05-21T07:40:03Z,26403,65
102,[던파BGM] 공포의 대지 (Land of Terror - Ozma raid),56nTXw8UwQY,2021-05-21T07:40:02Z,33526,103
103,"[던파BGM] 거울의 정원, 아르미스 (Garden of the mirror, Armis - Ozma raid)",o9Ur559JzBY,2021-05-21T07:40:02Z,97456,432
104,"[던파BGM] 비극의 도시, 엘레리논 (City of tragedy, Ellerinon - Ozma raid)",cPGPfyBOHaQ,2021-05-21T07:40:02Z,219995,897
105,[던파BGM] 내면 (Ego - Ozma raid),h2T1BKFKqu8,2021-05-21T07:40:02Z,21881,63
106,[던파BGM] 절망의 갈림길 (Crossroads of despair - Ozma raid),HnNUqvREvPk,2021-05-21T07:40:02Z,32912,101
107,[던파] 시즌 7 Act 16. 오버타임,QfvaQWpk5NI,2021-05-12T06:01:18Z,25549,175
108,[던파] 진(眞) 크리에이터,eqf-HJOlDa4,2021-05-12T06:01:18Z,51136,158
109,[던파] 진(眞) 다크나이트,2TZG9e3IyW4,2021-05-12T06:01:18Z,73678,190
110,[던파] 던파ON에 추가된 GBL 연구소 꿀팁 안내,jiDmBFxm3CA,2021-05-11T01:30:04Z,7994,103
111,[던파BGM] 무덤의 탑,9ghBZZOeWYs,2021-05-03T06:03:15Z,14328,41
112,[던파BGM] 무덤의 탑 - 보스,qZTuWRuj4wQ,2021-05-03T06:03:13Z,16746,37
113,[던파] 진(眞) 히트맨,x9B1A14-tDs,2021-04-14T08:30:16Z,73658,198
114,[던파] 진(眞) 요원,wrf11pDkiYQ,2021-04-14T08:30:06Z,74997,213
115,[던파] 진(眞) 트러블 슈터,OVcgnpKmGBI,2021-04-14T08:30:06Z,79838,429
116,[던파] 시즌 7 Act 15. 탄환을 스치는 검날,pyrG86thVUA,2021-04-14T08:30:05Z,37115,260
117,[던파] 진(眞) 스페셜리스트,ZKHfxnKFwU4,2021-04-14T08:30:05Z,54790,181
118,[던파] 미니미니 왕국 이벤트,g4uQIRFjfYI,2021-03-18T01:00:45Z,10407,96
119,[던파] 시즌 7 Act 14. 굴레를 벗어난 자,7ldWLYXd_tM,2021-03-17T08:01:36Z,41912,324
120,[던파] 진(眞) 다크 랜서,RTNWhyet3Sc,2021-03-17T08:01:25Z,85473,326
121,[던파] 진(眞) 드래고니안 랜서,AHkyHEn8qz8,2021-03-17T08:01:25Z,82786,307
122,[던파] 진(眞) 뱅가드,k1t3xcIbYW0,2021-03-17T08:01:25Z,67062,213
123,[던파] 시즌 7 Act 13 외전. 에테르나,VbEOJKJOANQ,2021-03-03T08:31:01Z,18249,62
124,[던파BGM] 에테르나 - 필드 전투,HGRoCR0yotc,2021-03-03T08:30:47Z,12327,56
125,[던파BGM] 에테르나 - 겔드라허,Gx8_p2JR4AU,2021-03-03T08:30:47Z,15617,48
126,[던파BGM] 에테르나 - 안타나 항구(마을),6NoBvHgXgeU,2021-03-03T08:30:47Z,16029,73
127,[던파BGM] 에테르나 - 필드,0_4ndZ6Avw8,2021-03-03T08:30:47Z,11530,26
128,[던파BGM] 에테르나 - 필드 보스,sfntm2ql4XY,2021-03-03T08:30:47Z,15164,77
129,[던파] 초월의 돌 사용 꿀팁 안내,6JaFmQnRbPk,2021-02-22T07:05:09Z,7712,52
130,[던파?] 내 캐릭터 쓰다듬는 이미지 만들기 꿀팁 안내,dvCi7DFvBiY,2021-02-09T04:51:19Z,25127,338
131,[던파] 시즌 7 Act 13. 차원을 넘어선 의지,VoNtHuD3L94,2021-02-03T08:03:10Z,56802,338
132,[던파] 진(眞) 카오스,RValrfgINFU,2021-02-03T08:02:49Z,108273,275
133,[던파] 진(眞) 엘븐나이트,_d7FCoDDRxo,2021-02-03T08:02:49Z,80452,206
134,[던파] 진(眞) 팔라딘,nNxj9EiM_8Q,2021-02-03T08:02:49Z,77729,160
135,[던파] 진(眞) 드래곤나이트,Js2Ry0HVQvA,2021-02-03T08:02:49Z,103744,272
136,[던파BGM] 아라드 어드벤처 - 토벌전 : 더 오큘러스 부활의 성전 (8 BIT),Pc04HUkyVsw,2021-02-03T04:15:10Z,17431,61
137,[던파BGM] 아라드 어드벤처 - 토벌전 : 추방자의 산맥 (8 BIT),yhY8_LEEihI,2021-02-03T04:15:09Z,71760,368
138,[던파BGM] 아라드 어드벤처 - 설산 (8 BIT),lMFpWz4bVCo,2021-02-03T04:14:44Z,8241,18
139,[던파BGM] 아라드 어드벤처 - 그란플로리스 (8 BIT),smJg9NI6_ME,2021-02-03T04:14:44Z,7764,20
140,[던파OST] 나이트 테마곡 DREAM4U (Vocal by JeongEun),NkfgSjqaLYA,2021-02-03T04:13:59Z,56395,280
141,[던파] 보유 에픽 쉽게 보는 기능 꿀팁 안내,-XuXdvTXqXI,2021-01-26T02:47:08Z,7194,80
142,[던파] 윈터페스티벌 장비 이벤트 꿀팁 안내,o7vdfatfZ48,2021-01-07T10:52:43Z,9594,68
143,[던파] 출동! 아라드 레인저! (30초),gew-V8wz_hU,2021-01-07T06:29:22Z,3053755,197
144,[던파] 2021 윈터 페스티벌 이벤트 (프로모션 영상),xGcXBk3FFtU,2021-01-07T06:29:14Z,1104701,45
145,[던파] 출동! 아라드 레인저!,kkedwlhwcSI,2021-01-07T01:04:03Z,2100892,4065
146,[던파] 진(眞) 스핏파이어,LsDzyO6fvmY,2021-01-06T08:01:00Z,60710,174
147,[던파] 진(眞) 레인저,ZGhtf1jCjPY,2021-01-06T08:01:00Z,75961,297
148,[던파] 시즌 7 Act 12. 검은 연옥 & 산개하는 총성,pNWeY9HQats,2021-01-06T08:01:00Z,57035,170
149,[던파] 진(眞) 메카닉,ECm4vrxQHlQ,2021-01-06T08:01:00Z,64285,192
150,[던파BGM] 검은 연옥 - 암흑 기사 던전,Bq_-qHmV1jg,2021-01-06T08:00:28Z,29003,74
151,[던파BGM] 검은 연옥 - 로스체스트 외곽,s3iR-PbgEr4,2021-01-06T08:00:28Z,23336,76
152,[던파BGM] 검은 연옥 - 혼돈의 문,BTsYrpNGr24,2021-01-06T08:00:28Z,75694,232
153,[던파BGM] 검은 연옥 - 암흑 기사 보스,NLdLggjs69o,2021-01-06T08:00:28Z,24198,59
154,[던파BGM] 검은 연옥 - 암흑 기사 난입,jwkv1094Yx0,2021-01-06T08:00:28Z,24922,111
155,[던파BGM] 검은 연옥 - 로스체스트 외곽 보스,noCn89brRwc,2021-01-06T08:00:28Z,18841,48
156,[던파BGM] 파괴된 체스트 타운,d9_xOCPOum8,2021-01-06T08:00:28Z,28205,122
157,[아트던전] 핸즈인팩토리,FBI_I8RQYR0,2020-12-29T02:34:55Z,5874,95
158,[아트던전] 진케이,9PQm4B7kxis,2020-12-29T02:34:55Z,6353,133
159,[아트던전] 김정기,7RtkyyF6zBk,2020-12-29T02:34:55Z,21167,521
160,[아트던전] 신영훈,1sQxoGGXeyk,2020-12-29T02:34:55Z,5931,129
161,[던파] 오즈마 레이드 티징 영상,fHaZHLUDPWg,2020-12-26T12:33:59Z,58210,174
162,[던파] 홍옥의 저주 확장 플레이 영상,-M1oCzYLEg4,2020-12-20T10:16:12Z,15735,21
163,[던파] 진 스핏파이어 플레이 영상,gXwC6ikziP8,2020-12-20T10:16:10Z,124743,486
164,[던파] 진 메카닉 플레이 영상,C-WDnUn7ZGQ,2020-12-20T10:16:07Z,124727,514
165,[던파] 진 런처 플레이 영상,v75nVcnvXRU,2020-12-20T10:16:02Z,89922,252
166,[던파] 진 레인저 플레이 영상,0zMi8AXjBME,2020-12-20T10:15:58Z,123895,418
167,[던파] 검은 연옥 - 플레이 영상,UcVkgzRdB3g,2020-12-20T10:15:50Z,28578,58
168,[던파] 검은 연옥 - 스토리 티징,m_T8WWU5cfc,2020-12-20T10:15:43Z,19562,51
169,던전앤파이터 유니버스 페스티벌,rTIZ9m6BHsg,2020-12-20T10:15:36Z,14790,39
170,[던파BGM] (구) 전쟁지역 (그렌셀로스),U0rhY77sIPo,2020-12-18T09:14:13Z,23384,61
171,[던파BGM] (구)스톰패스,KnviGxMfkJI,2020-12-18T09:14:03Z,36684,230
172,[던파BGM] 고통의 마을 레쉬폰,KPG2_HSb9kM,2020-12-16T08:34:59Z,94194,671
173,[던파] 고통의 마을 레쉬폰 (2016 컬쳐어택 히든 게스트),dcnO6JEY3XA,2020-12-16T08:34:59Z,21475,209
174,[던파BGM] 고통의 마을 레쉬폰(빗소리),WYyI6quJRPs,2020-12-16T08:34:59Z,23325,252
175,[던파BGM] 고통의 마을 레쉬폰 보스 '검은 질병의 디레지에',N6aygH-7LTs,2020-12-16T08:34:59Z,23268,74
176,[던파BGM] 왕의 유적,Eu0OHzEUBF8,2020-12-15T09:57:29Z,58114,258
177,[던파BGM] 노이어페라,QkFcpFfFhOA,2020-12-15T09:57:28Z,27279,81
178,[던파BGM] (구)알프라이라 임시 주둔지,KqkfBXeFleM,2020-12-15T09:57:28Z,53106,287
179,[던파BGM] (구)언더풋,xOd9vmMNQNE,2020-12-15T09:57:28Z,26718,88
180,"[던파BGM] (구)미들오션 천해, 심해",XQwQuWxQ8Fc,2020-12-14T08:54:36Z,21960,85
181,[던파BGM] (구)세력전,3boI2jVn1iI,2020-12-14T08:54:36Z,16733,41
182,[던파BGM] (구)헨돈마이어,f7-n5HgDrCI,2020-12-14T08:54:35Z,34346,204
183,[던파BGM] (구)웨스트코스트,3kPOTmIr49o,2020-12-14T08:54:35Z,39515,246
184,[던파BGM] 달빛 주점,zJu3_Td7GCQ,2020-12-14T08:54:35Z,31828,151
185,"[던파BGM] (구) 아몬/세파로타 상층, 하층",56bPOJ73SaM,2020-12-14T08:54:35Z,22426,100
186,[던파BGM] (구)달빛 주점,K5S-iwd7JEc,2020-12-14T08:54:35Z,24963,40
187,[던파BGM] 빌마르크 제국 실험장,ssQ0pMq-uxY,2020-12-10T08:59:08Z,74883,353
188,[던파BGM] (구) 그란 플로리스,dXpL4lsadCg,2020-12-10T08:41:29Z,36591,217
189,[던파BGM] 세리아의 방,SVPGQfmgqjo,2020-12-10T08:41:29Z,64607,444
190,[던파BGM] (구) 엘븐가드,Ncr9JQbHm2M,2020-12-10T08:41:29Z,45039,270
191,[하이라이트] 레벨업X던전앤파이터 : Untact Tournament S2 TOP 10 [던파],yIXUSma0nTA,2020-12-09T12:41:55Z,2707,21
192,[던파BGM] 캐릭터 선택창 (시즌 1 ~ ),oqNqgx0X3wE,2020-12-09T03:31:46Z,131701,991
193,[던파BGM] 쌍둥이 골렘의 배신,d3vyp8Uyp2I,2020-12-08T07:43:49Z,4966,4
194,[던파BGM] 성지 쿠룬차드 '거룡 : 네이트람',A2-nBBNF9oM,2020-12-08T07:43:49Z,4862,8
195,[던파BGM] 네이트람의 파수꾼 보스 '드래곤 스톤',n-Uf43i1C88,2020-12-08T07:43:49Z,4902,8
196,[던파BGM] 네이트람의 파수꾼,LWeSofQpLJo,2020-12-08T07:43:49Z,6654,14
197,[던파BGM] 쌍둥이 골렘의 배신 보스 '블레이즈 스톤',dT7LsuchYQk,2020-12-08T07:43:49Z,3991,6
198,[던파BGM] 쿠룬달,CbiFUKe9FAo,2020-12-08T07:43:49Z,7387,11
199,[던파BGM] 유폐의 나락 - 제4 나락 보스 '미치광이 엘티스',5ChHegP-TYo,2020-12-07T09:31:13Z,9333,34
200,[던파BGM] 비탄의 탑,-plVI0H5d-k,2020-12-07T07:32:58Z,16068,60
201,[던파BGM] 현혹의 탑,e5DGBapgvzQ,2020-12-07T07:32:58Z,19795,83
202,"[던파BGM] 유폐의 나락 (제1, 제2 나락)",ILVYbYD4tG8,2020-12-07T07:32:58Z,12071,53
203,[던파BGM] 미망의 탑,2DLumoqLJ_c,2020-12-07T07:32:58Z,44238,295
204,[던파BGM] 사망의 탑,Pt3U4xS5XSc,2020-12-07T07:32:58Z,115560,522
205,[던파BGM] 절망의 탑,FMf8Lt4lhNY,2020-12-07T07:32:58Z,39190,135
206,[던파BGM] 극한의 제단 / 무한의 제단,-mJPeme5_tU,2020-12-07T07:32:58Z,19093,80
207,[던파BGM] 하드 루크 - 솔리움 마키나,i0-mTHGKE5U,2020-12-04T02:09:41Z,27039,94
208,[던파BGM] 루크 레이드 - 대기실(오리진),ne33t61_hLg,2020-12-04T02:09:41Z,14009,37
209,[던파BGM] 루크 레이드 - 대기실,GizSBcWXziw,2020-12-04T02:09:41Z,30963,139
210,[던파BGM] 하드 루크 - 창조의 공궁,tSLO0HHU0j0,2020-12-04T02:09:41Z,13904,28
211,[던파BGM] 하드 루크 - 초월의 성전,58C6u7guiiY,2020-12-04T02:09:41Z,13415,28
212,[던파] 수능 금지곡 (트라&타나 1.5배속 1시간),DZqZFfAU6og,2020-12-03T05:10:09Z,39428,279
213,[결승] 레벨업X던전앤파이터 : Untact Tournament S2 Day4 [던파],d4zD1V_O6TM,2020-12-02T17:45:30Z,4835,33
214,[던파BGM] 결투장 - 천공의 둥지,ENDbioFYvOk,2020-12-01T09:01:29Z,20410,108
215,[던파BGM] 결투장 - 설산 수련장,BixTlO-ol3Q,2020-12-01T09:01:29Z,10563,36
216,[던파BGM] 결투장 - 추격 섬멸전,HpDw5VJ3z_I,2020-12-01T09:01:29Z,24803,128
217,[던파BGM] 결투장 - 주점,rYFwD4fGkrM,2020-12-01T09:01:29Z,43885,174
218,[던파BGM] 결투장 - 오데사 시가전,OQGxhJjvdfE,2020-12-01T09:01:29Z,19512,67
219,[던파BGM] 결투장 - 사망의 탑,1GfPhoaKD84,2020-12-01T09:01:29Z,23185,83
220,[(구)던파BGM] 결투장,DHRRvzPew2s,2020-12-01T09:01:29Z,74581,291
221,[던파BGM] 결투장 - 진실의 제단,tUxNq2xAYek,2020-12-01T09:01:29Z,10412,28
222,[던파BGM] 결투장 - 결투 연습(수련의 방),ZnpAzWO02tQ,2020-12-01T09:01:29Z,14739,62
223,[4강] 레벨업X던전앤파이터 : Untact Tournament S2 Day3 [던파],BvmwY1_hwSU,2020-12-01T04:02:46Z,3420,28
224,[던파BGM] 검은 차원 - 검은 마물의 정원 '검은 마물의 편린',JdlLOzW_INY,2020-11-30T07:55:45Z,24406,117
225,[던파BGM] 에를록스 - 검은 차원,IePwcMSMsMQ,2020-11-30T07:55:45Z,10400,30
226,[던파BGM] 검은 차원 - 검은 마물의 흔적 / 정원,mlCD-5TFKPM,2020-11-30T07:55:45Z,12160,38
227,[던파BGM] 마계대전 - 지젤의 실험실,pY2jhUYHouI,2020-11-27T05:15:02Z,11401,48
228,[던파BGM] 마계회합 - 스타디움 외곽,LlLNwEXgWpo,2020-11-27T05:15:01Z,5149,13
229,[던파BGM] 마계대전 - 침묵의 예배당 보스 '독 헤드',IKAA2OTAREY,2020-11-27T05:15:00Z,12698,48
230,[던파BGM] 마계대전 - 침묵의 예배당,jShUDxvRG3g,2020-11-27T05:14:39Z,5151,13
231,[던파BGM] 마계대전 - 나선의 왕좌 '검은 눈의 사르포자',2kRW6bk8Y48,2020-11-27T05:14:39Z,25958,99
232,[던파BGM] 마계대전 - 피 흘리는 지하도 보스 '백색의 타고르',MSFrgpLHz0I,2020-11-27T05:14:39Z,14666,59
233,[던파BGM] 마계대전 - 아카데미,_p7D6Q73QTs,2020-11-27T05:14:39Z,6685,25
234,[던파BGM] 마계회합- 스타디움,3IsmMFq0k4Y,2020-11-27T05:14:39Z,25268,164
235,[던파BGM] 마계대전 - 리버스 스트리트 보스 '직격의 워즈워스',CgsZ8eHN3SM,2020-11-27T05:14:39Z,16055,76
236,[던파BGM] 마계대전 - 아카데미 보스 '백녹의 시슬레',CZz-EbTN9rs,2020-11-27T05:14:39Z,49253,335
237,[던파BGM] 마계대전 - 엘팅 메모리얼,M0Vf8mXNjN4,2020-11-27T05:14:39Z,7314,25
238,[던파BGM] 마계회합 - 스타디움 보스 '칙사 워크맨',tHuIoVedn9g,2020-11-27T05:14:39Z,10670,51
239,[던파BGM] 마계대전 - 피 흘리는 지하도,Y6ADabh_BkI,2020-11-27T05:14:39Z,6948,29
240,[던파BGM] 마계대전 - 리버스 스트리트,h-53n54KJjg,2020-11-27T05:14:39Z,5513,20
241,[8강] 레벨업X던전앤파이터 : Untact Tournament S2 Day2 [던파],E7bR6G4cfp4,2020-11-25T15:55:21Z,4842,37
242,[던파] 시즌 7 Act 11. 심연의 고동,EiS43aB5JZw,2020-11-25T09:40:50Z,96903,751
243,[던파] 진(眞) 엘레멘탈 바머,okRjdOA3iNg,2020-11-25T09:40:48Z,93544,387
244,[던파] 진(眞) 블러드 메이지,ysVeWq199xU,2020-11-25T09:40:33Z,83283,263
245,[던파] 진(眞) 빙결사,A3iwY3dy09M,2020-11-25T09:40:28Z,88491,281
246,[던파] 진(眞) 스위프트 마스터,vIucu2QVyGM,2020-11-25T09:40:23Z,90727,370
247,[던파] 진(眞) 디멘션워커,MRV4a_kY81s,2020-11-25T09:40:18Z,106417,411
248,[던파BGM] 오퍼레이션 : 호프 보스,6b6U8RNzjKc,2020-11-25T03:31:50Z,5650,15
249,[던파BGM] 핀드워 - 더게이트 /병참기지,2ZwIiL14EyU,2020-11-25T03:31:50Z,21263,70
250,[던파BGM] 오퍼레이션 : 호프,qTAsKDO42k8,2020-11-25T03:31:50Z,10213,39
251,[던파BGM] 핀드워 - 최후의 저지선 (대기실),lMrtFYr96MM,2020-11-25T03:31:50Z,14699,43
252,[던파BGM] 핀드워 - 전초 기지,wInJX-r2o6o,2020-11-25T03:31:50Z,10391,22
253,[16강] 레벨업X던전앤파이터 : Untact Tournament S2 Day1 [던파],vH5fQR4IIBs,2020-11-23T16:47:05Z,5318,47
254,[던파BGM] 미명의 틈,csfSXQSkvTc,2020-11-23T07:44:30Z,13862,83
255,[던파BGM] 미명의 틈 보스,TWZWQGohwZo,2020-11-23T07:44:30Z,10270,42
256,[던파BGM] 에컨 - 강인한 자들 보스 (Ekern - Strong Men - Boss),FyL6lU7HrK0,2020-11-23T06:57:28Z,4457,12
257,[던파BGM] 에컨 - 강인한 자들 (Ekern - Strong Men),t8qJ7elznTM,2020-11-23T06:57:28Z,6006,21
258,[던파BGM] 마계 결착지 (Evildom Contact),Oj66Rsn4y3Q,2020-11-23T06:57:28Z,5280,19
259,[던파BGM] 에컨 - 파괴된 신전 보스 (Ekern - Ruined Sanctuary - Boss),ntun2ulwM3s,2020-11-23T06:57:28Z,3637,7
260,[던파BGM] 에컨 - 파괴된 신전 (Ekern - Ruined Sanctuary),EQDqpM6f7jo,2020-11-23T06:57:28Z,6907,20
261,[던파BGM] 마수 던전,QvbIfuuiz9k,2020-11-23T06:57:11Z,24121,93
262,[던파BGM] 수인의 협곡 (Valley of the Half-breeds),ohQEq1ZPh2A,2020-11-19T04:05:06Z,6022,22
263,[던파BGM] 시간의 광장 보스 (Time Square - Boss),JBBdL29zh3g,2020-11-19T04:05:06Z,8373,32
264,[던파BGM] 붉은 마녀의 숲 보스 (Red Witch's Forest - Boss),pY-dmbff5vk,2020-11-19T04:05:06Z,10724,59
265,[던파BGM] 수인의 협곡 보스 (Valley of the Half-breeds - Boss),vmLle9t0h2A,2020-11-19T04:04:46Z,5678,42
266,[던파BGM] 시간의 광장 (Time Square),Z-yhLsvh8jA,2020-11-19T04:04:46Z,13161,41
267,[던파BGM] 마계의 틈 보스,cZgPQJhR5y8,2020-11-19T04:04:46Z,8187,28
268,[던파BGM] 붉은 마녀의 숲 (Red Witch's Forest),gkYawyyZfyY,2020-11-19T04:04:46Z,21534,121
269,[던파BGM] 마계의 틈,_YIoQ04p-Rw,2020-11-19T04:04:46Z,22556,134
270,[던파BGM] 공포의 은신처 (Chamber of Terror),q-mPTlmfREg,2020-11-19T04:04:46Z,7404,42
271,[던파BGM] 마계 주둔지 (Evildom Post),pWJstd0yQXM,2020-11-19T04:04:46Z,5369,24
272,[던파BGM] 공포의 은신처 보스 (Chamber of Terror - Boss),Ga5sdr4Omp8,2020-11-19T04:04:46Z,8451,37
273,[던파BGM] 센트럴파크 (Central Park),P5A7yI7X2KQ,2020-11-19T04:04:46Z,10080,76
274,[던파BGM] 돌풍지대 보스 (Wind Canyon - Boss),bYGtDANWV8o,2020-11-19T04:04:46Z,3366,9
275,[던파BGM] 돌풍지대 (Wind Canyon),EW-4jR4t-_w,2020-11-19T04:04:46Z,4883,9
276,[던파BGM] 루크 린제 보스 (Luke Rinje - Boss),yhphgfNwgFs,2020-11-17T08:31:13Z,4865,10
277,[던파BGM] 건설자 루크 - 솔리움 마키나 (Luke - Solium Machina),4HVS-6RKTAk,2020-11-17T08:31:13Z,26535,98
278,[던파BGM] 매달린 망루 보스 (Inverted Watchtower - Boss),ZpKMTe0c0Dg,2020-11-17T08:31:12Z,12924,89
279,[던파BGM] 창조의 공궁 보스 (Luke 1 Phase - Boss),KHKjI2SqHHY,2020-11-17T08:31:12Z,16957,75
280,[던파BGM] 창조의 공궁 (Luke 1 Phase),jsmtqOt8YIM,2020-11-17T08:30:52Z,12777,49
281,[던파BGM] 샐러맨더의 화로 (Salamander's Furnace),4NR7NA9QWEc,2020-11-17T08:30:52Z,3388,11
282,[던파BGM] 매달린 망루 (Inverted Watchtower),e8lWCuzBAZM,2020-11-17T08:30:52Z,4748,17
283,[던파BGM] 빛의 연회장 보스 (Banquet Hall of Light - Boss),yOs-ALOSVuE,2020-11-17T08:30:52Z,8266,47
284,[던파BGM] 강철의 브라키움 보스 (Metal Brakium - Boss),SvytjD3M8Iw,2020-11-17T08:30:52Z,4241,15
285,[던파BGM] 강철의 브라키움 (Metal Brakium),izVszOcR6Yw,2020-11-17T08:30:52Z,3366,5
286,[던파BGM] 초월의 성전 (Luke 2 Phase),3aF4k34L878,2020-11-17T08:30:52Z,9636,32
287,[던파BGM] 샐러맨더의 화로 보스 (Salamander's Furnace - Boss),LIlDUnRv0YI,2020-11-17T08:30:52Z,5774,16
288,[던파BGM] 루크 린제 (Luke Rinje),soWPIUBfmSk,2020-11-17T08:30:52Z,3444,6
289,[던파BGM] 젤바 (Zelva),CTKUyEIpPSM,2020-11-17T08:30:52Z,12499,69
290,[던파BGM] 빛의 연회장 (Banquet Hall of Light),12q5cPcyPy8,2020-11-17T08:30:52Z,3218,5
291,[던파BGM] 초월의 성전 보스 (Luke 2 Phase - Boss),NJupuh2NjJ0,2020-11-17T08:30:52Z,12951,56
292,[던파BGM] 웨스트코스트 (West Coast),IX7BldIZrkU,2020-11-16T09:08:04Z,12133,32
293,[던파BGM] 헨돈마이어 (Hendon Myre),g_iOqjm__Q8,2020-11-16T09:08:04Z,12608,44
294,[던파BGM] 언더풋 (Underfoot),kyaaK1c2goo,2020-11-16T09:08:04Z,6458,25
295,[던파BGM] 스톰패스 (Storm Pass),8iMktUSry5o,2020-11-16T09:07:43Z,11415,53
296,[던파BGM] 미러 아라드 - 북의 쉼터,uDTEUf9SBF8,2020-11-16T09:07:43Z,3358,10
297,[던파BGM] 미러 아라드 - 시궁창,DfyjcXIb404,2020-11-16T09:07:43Z,6704,44
298,[던파BGM] 알프라이라 임시주둔지 (Aphelia Post),XXbMSl7y1yQ,2020-11-16T09:07:43Z,8790,34
299,[던파BGM] 겐트 (Gent),_er73ME4iqc,2020-11-16T09:07:43Z,10613,19
300,[던파BGM] 루프트하펜 (Lufthafen),_livJ40gUlw,2020-11-16T09:07:43Z,14317,74
301,[던파BGM] 미러 아라드 - 실버 크라운 (Plane : Mirror Arad - Silver Crown),uWPW9uR6qVw,2020-11-16T09:07:43Z,4102,25
302,[던파BGM] 슬라우 공업단지 (Slough Industrial complex),yVakDqyqdWk,2020-11-16T09:07:43Z,5741,17
303,[던파BGM] 미러 아라드 - 베히모스 (Plane : Mirror Arad - Behemoth),uUB-0PNdHPs,2020-11-16T09:07:43Z,5125,23
304,[던파BGM] 노블스카이 (Noble Sky),cJKTfYuKrLk,2020-11-16T09:07:43Z,10587,45
305,[던파BGM] 쇼난 (Shonan),Xwgleb9wxMs,2020-11-16T09:07:43Z,6121,25
306,[던파BGM] 푸르츠 발전소 (Furtz Power Plant),c1JSj47SWF8,2020-11-13T08:54:10Z,6664,28
307,[던파BGM] 푸르츠 발전소 보스 (Furtz Power Plant - Boss),ZMLZMnuTyGM,2020-11-13T08:54:10Z,3688,4
308,[던파BGM] 코레 발전소 (Kore Power Plant),lGSgcKu6Iew,2020-11-13T08:54:10Z,4150,9
309,[던파BGM] 안톤 저지 (Anton 1 Phase),wB9HuRSQz7A,2020-11-13T08:54:10Z,10088,25
310,[던파BGM] 안톤 토벌 보스 (Anton 2 Phase - Boss),CZoQQU2GDn8,2020-11-13T08:54:10Z,19576,63
311,[던파BGM] 안톤 토벌 (Anton 2 Phase),Tdj0xTpWfQg,2020-11-13T08:54:10Z,10142,28
312,[던파BGM] 안톤 저지 보스 (Anton 1 Phase - Boss),mwsiNAcfFEc,2020-11-13T08:54:10Z,6507,12
313,[던파BGM] 트롬베 발전소 보스 (Trombe Power Plant - Boss),vckqX5QlQqM,2020-11-13T08:54:10Z,4509,13
314,[던파BGM] 코레 발전소 보스 (Kore Power Plant - Boss),7PpkQMy3OUY,2020-11-13T08:54:10Z,3561,4
315,[던파BGM] 트롬베 발전소 (Trombe Power Plant),sxc8H2LnF7c,2020-11-13T08:54:10Z,3461,8
316,[던파BGM] 그란디네 발전소 보스 (Grandine Power Plant - Boss),T5SEPLzE6zg,2020-11-13T08:54:10Z,5135,16
317,[던파BGM] 그란디네 발전소 (Grandine Power Plant),eP8NiVzeNoI,2020-11-13T08:54:10Z,5382,19
318,[던파BGM] 자각 보스 (Awakening - Boss),LFLZJUk90pA,2020-11-13T01:49:29Z,4266,8
319,[던파BGM] 대화재 (The Great Blaze),vzW2gebulnw,2020-11-13T01:49:29Z,3589,4
320,[던파BGM] 옛 비명굴 보스 (Old Screaming Cavern - Boss),GldNQe0fRc0,2020-11-13T01:49:29Z,4796,16
321,[던파BGM] 전염병 (Epidemic),qFsdNQ1gNrc,2020-11-13T01:49:29Z,3573,6
322,[던파BGM] 극비구역 (Confidential Area),du6LYezdtos,2020-11-13T01:49:28Z,2808,4
323,[던파BGM] 자각 (Awakening),bFyFTm1h6EU,2020-11-13T01:49:08Z,14418,103
324,[던파BGM] 극비구역 보스 (Confidential Area - Boss),lHBJjU-32yo,2020-11-13T01:49:08Z,2657,6
325,[던파BGM] 전염병 보스 (Epidemic - Boss),XMvF2hOQxQ4,2020-11-13T01:49:08Z,6244,32
326,[던파BGM] 태동 보스 (Naissance - Boss),ewK6MvQJ-_0,2020-11-13T01:49:08Z,5081,25
327,[던파BGM] 태동 (Naissance),rOIYb-SGU34,2020-11-13T01:49:08Z,4076,12
328,[던파BGM] 옛 비명굴 (Old Screaming Cavern),zEPgLRl2PsU,2020-11-13T01:49:08Z,3782,4
329,[던파BGM] 결성! 카르텔 보스 (Organization! The Cartel -Boss),-OFCZR8tKIs,2020-11-13T01:49:08Z,9894,43
330,[던파BGM] 대화재 보스 (The Great Blaze - Boss),iFa2vvbI828,2020-11-13T01:49:08Z,3233,9
331,[던파BGM] 결성! 카르텔 (Organization! The Cartel),WrRCWEnC_iI,2020-11-13T01:49:08Z,96523,462
332,[던파] TAB키를 눌러보세요. 기억의 서적 이벤트 꿀팁 안내,-XeNuDHOEAU,2020-11-12T06:15:53Z,4436,37
333,[던파BGM] 시로코 챌린지 - 부유의 성 '풍월주 비화랑',QJuviyCFkFs,2020-11-11T08:20:12Z,25953,102
334,[던파BGM] 열차 위의 해적 (Iron Scale),oCmzN6XqRFY,2020-11-10T09:02:24Z,19875,103
335,[던파BGM] 안개도시 헤이즈 보스 (Shrouded Haze - Boss),a963Whl5oS4,2020-11-10T09:02:24Z,6889,49
336,[던파BGM] 열차 위의 해적 보스 (Iron Scale - Boss),P3qh8NK306k,2020-11-10T09:02:24Z,6041,12
337,"[던파BGM] 꼬마인어 콩콩이 (Little mermaid, kongkong)",_Czg4nR7BPs,2020-11-10T09:02:24Z,14366,114
338,[던파BGM] 결전의 도시 아르덴 (Battle at Arden City),9mOZOusfAQA,2020-11-10T09:02:24Z,9084,36
339,[던파BGM] 서부선 탈환 보스 (Runaway West-Bound - Boss),XMvLXJRj5V8,2020-11-10T09:02:24Z,6094,14
340,[던파BGM] 서부선 탈환 (Runaway West-Bound),ZGKT-GIOVjE,2020-11-10T09:02:24Z,65735,341
341,[던파BGM] 결전의 도시 아르덴 보스 (Battle at Arden City - Boss),EQqib1hW59Q,2020-11-10T09:02:24Z,10068,45
342,[던파BGM] 안개도시 헤이즈 (Shrouded Haze),8mZG2UYhPUo,2020-11-10T09:02:24Z,7050,24
343,[던파BGM] 겐트 동문 보스 (East Ghent Gate - Boss),0Utqpnm3h0o,2020-11-09T08:29:14Z,11164,53
344,[던파BGM] 보급로 차단전 (Cartel Supply Camp),FLv26FvSGaQ,2020-11-09T08:29:14Z,6655,19
345,[던파BGM] 겐트 동문 (East Ghent Gate),xu81xp9Gkg4,2020-11-09T08:29:13Z,6804,13
346,[던파BGM] 굴욕의 암초 보스 (Reef of Disgrace - Boss),oFFJ0W4dSWA,2020-11-09T08:29:13Z,2192,3
347,[던파BGM] 굴욕의 암초 (Reef of Disgrace),EkIX3IHqgwU,2020-11-09T08:29:13Z,3410,15
348,[던파BGM] 추격 섬멸전 보스 (Final Pursuit - Boss),MDYwgk9eWRk,2020-11-09T08:29:13Z,8815,19
349,[던파BGM] 야간 습격전 보스 (Midnight Assault - Boss),F3RHk6CCamU,2020-11-09T08:29:04Z,6243,17
350,[던파BGM] 보급로 차단전 보스 (Cartel Supply Camp - Boss),YKHh0lKZEtE,2020-11-09T08:28:59Z,6146,20
351,[던파BGM] 겐트 북문 (North Ghent Gate),rYimJ3n0bVI,2020-11-09T08:28:59Z,7871,32
352,[던파BGM] 겐트 북문 보스 (North Ghent Gate - Boss),p0tyD3q7y7s,2020-11-09T08:28:54Z,3917,6
353,[던파BGM] 겐트 외곽 (Ghent Outskirts),kf_d4khS2B8,2020-11-09T08:28:53Z,11847,36
354,[던파BGM] 상어 서식지 더반 보스 (Shark Habitat_Durban - Boss),dvwut2QAnag,2020-11-09T08:28:53Z,2782,8
355,[던파BGM] 겐트 남문 보스 (South Ghent Gate - Boss),h8Cyprp-M7I,2020-11-09T08:28:51Z,6096,18
356,[던파BGM] 겐트 남문 (South Ghent Gate),4oe0SnqiqBE,2020-11-09T08:28:40Z,14029,70
357,[던파BGM] 덴드로이드 번식지 보스 (Dendroid Hub - Boss),tYCcqBnxB0U,2020-11-09T08:28:38Z,2861,6
358,[던파BGM] 상어 서식지 더반,GExH67GSvJU,2020-11-09T08:28:38Z,3614,14
359,[던파BGM] 겐트 방어전 (Ghent Battlefield),vcO5qDZqouQ,2020-11-09T08:28:38Z,5542,15
360,[던파BGM] GBL 여신전 보스 (Forbidden Shrine - Boss),3Z6qCTqGCRQ,2020-11-09T08:28:38Z,3617,8
361,[던파BGM] 겐트 외곽 보스 (Ghent Outskirts - Boss),OgUF1OY0d5k,2020-11-09T08:28:37Z,6144,18
362,[던파BGM] 추격 섬멸전 (Final Pursuit),Ox4WR5zGo1M,2020-11-09T08:28:37Z,104234,717
363,[던파BGM] 덴드로이드 번식지 (Dendroid Hub),usD4ig-mLl4,2020-11-09T08:28:37Z,4166,18
364,[던파BGM] GBL 여신전 (Forbidden Shrine),FaQjVE0CVuk,2020-11-09T08:28:37Z,9547,59
365,[던파BGM] 겐트 방어전 보스 (Ghent Battlefield - Boss),QCwV8aP_kXs,2020-11-09T08:28:35Z,7464,38
366,[던파BGM] 야간 습격전 (Midnight Assault),5UUzgpJ1Glo,2020-11-09T08:28:35Z,6027,10
367,[던파BGM] 썩은곳 보스 (Rotting Lot - Boss),hyGbbvB9rRY,2020-11-06T07:18:11Z,2732,5
368,[던파BGM] 절망의 체스판 보스 (Chessboard of Despair - Boss),M7t7LPIH5Cg,2020-11-06T07:18:11Z,4799,20
369,[던파BGM] 구 시가지 (Old Streets),cbU8i45V6GI,2020-11-06T07:18:11Z,3776,12
370,[던파BGM] 구 시가지 보스 (Old Streets - Boss),IrrwY5cnzhM,2020-11-06T07:18:11Z,2724,11
371,[던파BGM] 버섯 정원 보스 (Mushroom Garden - Boss),WqL9HqqbdnE,2020-11-06T07:18:11Z,2746,7
372,[던파BGM] 포자의 도시 살리프 (City of Spores Salif),bBrw4i3La1E,2020-11-06T07:18:11Z,5937,41
373,[던파BGM] 썩은곳 (Rotting Lot),xyrk_cNmteA,2020-11-06T07:18:11Z,2704,7
374,[던파BGM] 절망의 체스판 (Chessboard of Despair),z0E52x90Uug,2020-11-06T07:18:11Z,4888,30
375,[던파BGM] 포자의 도시 살리프 보스(City of Spores Salif - Boss),WaqX3TSwpQc,2020-11-06T07:18:11Z,2268,3
376,[던파BGM] 버섯 정원 (Mushroom Garden),Sz5aYXg2xJg,2020-11-06T07:18:11Z,4565,23
377,[던파BGM] 링우드 형무소 (Ringwood Penitentiary),ynpkx1A01n4,2020-11-05T09:08:26Z,2393,5
378,[던파BGM] 글래스페이 보스 (Glassfey - Boss),2ZmOJy7-TRU,2020-11-05T09:08:26Z,1910,7
379,[던파BGM] 루테온 보스 (Luteon - Boss),AVv_ePAgBi8,2020-11-05T09:08:26Z,1705,2
380,[던파BGM] 글래스페이 (Glassfey),Y6BBfXlTHAs,2020-11-05T09:08:26Z,2188,9
381,[던파BGM] 루테온 (Luteon),XyMaqCJDyMc,2020-11-05T09:08:26Z,2519,6
382,[던파BGM] 링우드 형무소 보스 (Ringwood Penitentiary - Boss),zl8ofAEAw0E,2020-11-05T09:08:26Z,1799,4
383,[던파BGM] 산등성이 (The Ridge),Tu2DE95TV7c,2020-11-04T09:03:58Z,19719,113
384,[던파BGM] 화이트 랜드 (Whiteland),2Gb_HD3YjGQ,2020-11-04T09:03:37Z,4611,12
385,[던파BGM] 타락한 도둑 보스 (Brigand City - Boss),-mN63xw5dC4,2020-11-04T09:03:37Z,8288,31
386,[던파BGM] 타락한 도둑 (Brigand City),865mjzOZpK4,2020-11-04T09:03:37Z,12157,58
387,[던파BGM] 화이트 랜드 보스 (Whiteland - Boss),k5xpM7K8LAY,2020-11-04T09:03:37Z,2850,11
388,[던파BGM] 브왕가의 수련장 (Bwanga's Camp),GxYW9ZN6hlk,2020-11-04T09:03:37Z,9863,49
389,[던파BGM] 의혹의 마을 (Abandoned Mine),qSHxchQsXw0,2020-11-04T09:03:37Z,6224,24
390,[던파BGM] 녹색도시 그로즈니 (Grozny),J-jHtLlbO-o,2020-11-04T09:03:37Z,8775,58
391,[던파BGM] 피나비의 춤 (Blood Sands),wf0BdV2EgN4,2020-11-04T09:03:37Z,4296,8
392,[던파BGM] 유혹의 마을 하멜른 (Hamelin),AmAnyk9y-pQ,2020-11-04T09:03:37Z,25668,172
393,[던파BGM] 녹색도시 그로즈니 보스 (Grozny - Boss),CXOV0sc_eok,2020-11-04T09:03:37Z,4616,12
394,[던파BGM] 브왕가의 수련장 보스 (Bwanga's Camp - Boss),WYLnCrwT1UU,2020-11-04T09:03:37Z,4680,8
395,[던파BGM] 차가운 심장의 아이 (Frozenhearted Child),NgIp6LE_lwQ,2020-11-04T09:03:37Z,7158,30
396,[던파BGM] 피나비의 춤 보스 (Blood Sands - Boss),aj-9gBqrbrM,2020-11-04T09:03:37Z,2946,3
397,[던파BGM] 의혹의 마을 보스 (Abandoned Mine - Boss),gdSCKiHF8gA,2020-11-04T09:03:37Z,5887,28
398,[던파BGM] 리쿠의 천정 (Ryku Point),_-wSEu2xtgc,2020-11-04T09:03:37Z,2976,6
399,[던파BGM] 리쿠의 천정 보스 (Ryku Point - Boss),FrgbKypWIvI,2020-11-04T09:03:37Z,3506,6
400,[던파BGM] 산등성이 보스 (The Ridge - Boss),QvQJdvPGhu8,2020-11-04T09:03:37Z,4273,8
401,[던파BGM] 유혹의 마을 하멜른보스 (Hamelin - Boss),8wF6iBxZ86g,2020-11-04T09:03:37Z,10397,42
402,[던파BGM] 태고의 심장부 보스 (Heart of the Genesis - Boss),J1OONdgWTW0,2020-11-03T06:38:01Z,5157,38
403,[던파BGM] 태고의 심장부 (Heart of the Genesis),LsPJpsGLY1w,2020-11-03T06:33:18Z,5952,19
404,[던파BGM] 황금굴 보스 (Gold Tunnel - Boss),qdus5MLo4yw,2020-11-03T06:24:40Z,3798,19
405,[던파BGM] 황금굴 (Gold Tunnel),mbRmG6ihwO4,2020-11-03T06:19:06Z,3385,13
406,[던파BGM] 폭군왕의 제단 보스 (Tyrant's Altar - Boss),P2HOqt-wkXc,2020-11-03T06:11:54Z,3141,9
407,[던파BGM] 폭군왕의 제단 (Tyrant's Altar),mOTcLRt079g,2020-11-03T06:06:37Z,3512,10
408,[던파BGM] 언더풋 입구 보스 (Underfoot Gate- Boss),IPoXP2T-i0Q,2020-11-03T06:05:27Z,17268,116
409,[던파BGM] 언더풋 입구 (Underfoot Gate),b203lKgOFww,2020-11-03T06:04:38Z,6552,20
410,[던파BGM] 흑요정 묘지 보스 (The Catacombs - Boss),2CPn1vnFQak,2020-11-03T06:03:57Z,9083,42
411,[던파BGM] 흑요정 묘지 (The Catacombs),PxwoUK5fEHc,2020-11-03T06:03:24Z,3691,3
412,[던파BGM] 용암굴 보스 (Scoria Core - Boss),Ve9ORsJtDc4,2020-11-03T06:01:18Z,6018,10
413,[던파BGM] 용암굴 (Scoria Core),hTdez-zwCL8,2020-11-03T06:01:03Z,12746,56
414,[던파BGM] 영웅의 지하무덤 보스 (Hero's Catacomb - Boss),2jC3J9w7BCU,2020-11-03T06:00:41Z,3443,6
415,[던파BGM] 영웅의 지하무덤 (Hero's Catacomb),Enm1RoQOvbU,2020-11-03T06:00:27Z,12624,90
416,[던파BGM] 거미 왕국 보스 (Spider Kingdom - Boss),21eb_BAyAY0,2020-11-03T05:59:39Z,2130,2
417,[던파BGM] 거미 왕국 (Spider Kingdom),z8GX5X2Q6Nk,2020-11-03T05:59:20Z,2569,3
418,[던파BGM] 거미 소굴 보스 (Spider's Lair - Boss),ystHkI9-KP0,2020-11-03T05:58:46Z,3239,2
419,[던파BGM] 거미 소굴 (Spider's Lair),XqMrAoXq1ZI,2020-11-03T05:58:31Z,4294,4
420,[던파BGM] 섈로우킵 보스 (Shallow Keep - Boss),KaKoEkAjMWg,2020-11-03T05:58:06Z,39514,259
421,[던파BGM] 섈로우킵 (Shallow Keep),T0uZSps3L1c,2020-11-03T05:57:35Z,8599,21
422,[던파BGM] 부유성 보스 (Floating Castle - Boss),rHRA8PlceBk,2020-11-03T05:02:16Z,9108,14
423,[던파BGM] 혈옥 (Chamber of Blood),L2mzJAr4lZY,2020-11-03T03:18:19Z,13168,61
424,[던파BGM] 제 2 척추 보스 (Second Spine Boss),UmVkP52XPMo,2020-11-03T03:17:59Z,5988,12
425,[던파BGM] 제 2 척추 (Second Spine),pvCRenoZgks,2020-11-03T03:17:41Z,8713,25
426,[던파BGM] 제 1 척추 보스 (First Spine - Boss),ETg8fqjTVwI,2020-11-03T03:17:18Z,5083,9
427,[던파BGM] 제 1 척추 (First Spine),d9UgpPwhlQw,2020-11-03T03:16:56Z,25704,112
428,[던파BGM] 백야 보스 (Silver Night - Boss),TpytnNaDEyk,2020-11-03T03:16:23Z,8322,20
429,[던파BGM] 백야 (Silver Night),YjdNQ_KWWP4,2020-11-03T03:16:02Z,135330,939
430,[던파BGM] 연옥 보스 (Purgatorium - Boss),P-4Wom3H3ps,2020-11-03T03:15:11Z,5798,17
431,[던파BGM] 연옥 (Purgatorium),4Zvjzq1O0g0,2020-11-03T03:14:39Z,8835,23
432,[던파BGM] 덴드로이드의 정글 (Dendroid Jungle),kp5vLdE1opI,2020-11-03T03:13:35Z,6409,23
433,[던파BGM] 신전 외곽 보스 (Outer Temple Wall - Boss),emMiK8iWIVI,2020-11-03T03:11:34Z,13738,70
434,[던파BGM] 신전 외곽 (Outer Temple Wall),Ktm6_rnaHwY,2020-11-03T03:11:09Z,23154,116
435,[던파BGM] 성주의 궁 보스(Castellan's Chamber - Boss),qcKRSU-AP40,2020-11-02T08:29:59Z,23795,184
436,[던파BGM] 성주의 궁 (Castellan's Chamber),Gm9lIGLYlaw,2020-11-02T08:29:35Z,7749,21
437,[던파BGM] 부유성 (Floating Castle),pQUlOSLsqRU,2020-11-02T08:28:25Z,19017,88
438,[던파BGM] 어둠의 현관 보스 (Vestibule of Darkness - Boss),VcQKj6_HVo8,2020-11-02T08:26:58Z,12815,84
439,[던파BGM] 어둠의 현관 (Vestibule of Darkness),M_mIxGY3PF4,2020-11-02T08:26:22Z,4457,7
440,[던파BGM] 골렘의 탑 보스 (Golem Tower - Boss),ZE_FIBoNpqQ,2020-11-02T08:24:48Z,5051,26
441,[던파BGM] 골렘의 탑 (Golem Tower),ts6-n268ZkQ,2020-11-02T08:24:26Z,14617,57
442,[던파BGM] 인형관 보스 (Puppet Museum - Boss),zOfPfukGL6I,2020-11-02T08:22:47Z,5774,27
443,[던파BGM] 인형관 (Puppet Museum),UgUX4wlZYjA,2020-11-02T08:22:09Z,8705,34
444,[던파BGM] 용인의 탑 보스(Dragonoid Nest - Boss),J-MV1Bvve8M,2020-11-02T08:20:01Z,7307,37
445,[던파BGM] 용인의 탑 (Dragonoid Nest),njHKIXOiSUI,2020-11-02T08:17:49Z,24833,151
446,[던파BGM] 선더랜드 보스 (Thunderland - Boss),BB16I058s8c,2020-11-02T08:15:43Z,7275,18
447,[던파BGM] 선더랜드 (Thunderland),uq2lAzSD7co,2020-11-02T08:14:00Z,9522,33
448,[던파BGM] 그락카락 보스 (Grakqarak - Boss),bVPbs9FpwxA,2020-11-02T08:13:20Z,5551,10
449,[던파BGM] 그락카락 (Grakqarak),HlHIlY408jA,2020-11-02T08:11:06Z,7920,18
450,[던파BGM] 머크우드 - 보스 (Mirkwood - Boss),BUQXRk2D1qs,2020-11-02T08:10:23Z,5320,8
451,[던파BGM] 머크우드 (Mirkwood),3B85bwzMP-M,2020-11-02T08:09:48Z,10097,29
452,[던파] 시즌 7 Act 10. 밤을 걷는 자,bi3zw3abM1Q,2020-10-28T08:46:48Z,71618,363
453,[던파] 진(眞) 로그,85caatz3_0g,2020-10-28T08:46:44Z,107483,295
454,[던파] 진(眞) 사령술사,TVzXBZZUJcM,2020-10-28T08:46:41Z,162371,588
455,[던파] 진(眞) 섀도우댄서,vARKEec6vK0,2020-10-28T08:46:33Z,85225,275
456,[던파] 계시의 밤 (The Night of Revelation),71nkcbuvYw8,2020-10-14T09:22:24Z,16821,74
457,[하이라이트] 레벨업X던전앤파이터 : Untact Tournament TOP 10 [던파],j8mkEKobapw,2020-09-29T08:31:03Z,3484,23
458,[결승전] 레벨업X던전앤파이터 : Untact Tournament Day4 2부 [던파],LKTnq2-GliY,2020-09-28T07:10:11Z,2947,15
459,[3위 결정전] 레벨업X던전앤파이터 : Untact Tournament Day4 1부 [던파],DRA1F4sPTzY,2020-09-28T07:10:09Z,1019,11
460,[4강] 레벨업X던전앤파이터 : Untact Tournament Day3 2부 [던파],RTHji9xx-tg,2020-09-22T08:43:39Z,1970,9
461,[4강] 레벨업X던전앤파이터 : Untact Tournament Day3 1부 [던파],D55TZAZpexU,2020-09-22T08:43:34Z,1688,14
462,[8강] 레벨업X던전앤파이터 : Untact Tournament Day2 2부 [던파],n-Uv23R5ayk,2020-09-22T07:32:35Z,1536,10
463,[8강] 레벨업X던전앤파이터 : Untact Tournament Day2 1부 [던파],BAd19-4gIs4,2020-09-22T07:32:30Z,2227,21
464,[16강] 레벨업X던전앤파이터 : Untact Tournament Day1 2부 [던파],PNbH_sNgq1o,2020-09-18T10:17:35Z,3636,35
465,[16강] 레벨업X던전앤파이터 : Untact Tournament Day1 1부 [던파],DXyXAaOj4_E,2020-09-18T10:17:32Z,6531,29
466,[던파] 시즌 7 Act 9. 계시자,Ax8836MtgOw,2020-09-17T05:32:38Z,65205,330
467,[던파] 진(眞) 크루세이더,9x_m5vknJIw,2020-09-17T05:32:29Z,86127,222
468,[던파] 진(眞) 미스트리스,YN84KXbFi3Q,2020-09-17T05:32:05Z,149090,741
469,[던파] 아재쇼 5화. 던파의 아트웍을 책임진다! (원화팀 편),B9vW_mNyXJk,2020-09-03T00:30:01Z,86390,255
470,[던파] 아재쇼 4화. 에리스켈리는 누가 만들었을까? (던전기획자편),W-kwZ-XZbjo,2020-08-27T00:41:25Z,25277,155
471,[던파] 탈리스만 확장 기념 탈리스만 / 룬 꿀팁 안내,F9eKnD5KG-c,2020-08-21T05:43:01Z,32346,214
472,[던파] 아재쇼 3화. idontknow18 (던파웹팀편),uQ1xFOvqHKk,2020-08-20T00:00:07Z,7724,63
473,[던파] 소멸의 안식처 (Resting Place for Extinction) BGM,4jiUcmQouFM,2020-08-19T09:05:45Z,182066,595
474,[던파] 샨트리 (Chantri) BGM,npv852-kp-A,2020-08-19T09:05:44Z,26077,138
475,[던파] 추방자의산맥 (Mountain Range of Exile) BGM,stHgh3Z59UE,2020-08-19T09:05:44Z,115566,466
476,[던파] 혼돈의 밤 (Night of Chaos) BGM,DOMOsqG-ugE,2020-08-19T09:05:44Z,41893,140
477,[던파] 네메시스의 성채 (Fortress of Nemesis) BGM,LGdIMD9mptY,2020-08-19T09:05:44Z,58873,218
478,[던파] 버려진 땅 (The Wilderness) BGM,BmfmS6jwjqA,2020-08-19T09:05:44Z,34919,121
479,[던파] 진(眞) 배틀메이지,S3fNlnk7Zbw,2020-08-19T09:01:01Z,111027,268
480,[던파] 진(眞) 인챈트리스,qpIzUAsWU7k,2020-08-19T09:01:00Z,106352,240
481,[던파] 진(眞) 소환사,FflWO_kcMRo,2020-08-19T09:01:00Z,117965,204
482,[던파] 시즌 7 Act 8. 초월소녀&추방자의 산맥,g49ejLr3Jg4,2020-08-19T09:01:00Z,89555,429
483,[던파] 진(眞) 엘레멘탈마스터,-r1h-j28Kkc,2020-08-19T09:01:00Z,120509,281
484,[던파] 진(眞) 마도학자,k9dCcRaUykE,2020-08-19T09:01:00Z,184183,875
485,[던파] 아재쇼 외전. 피톤치드 풍부한 산책로 복지편,jtko5PJ2cqs,2020-08-13T00:00:26Z,8112,90
486,[던파] 비트앤파이터 BGM,dsWamHcUBGc,2020-08-07T05:03:47Z,10313,102
487,[던파] 비트앤파이터 초반 안내,rgmwur3CVgY,2020-08-06T05:02:34Z,11551,90
488,[던파] 아재쇼 2화 - 헬채널 추천이요!(후편),jLrLD4cLDN4,2020-08-06T01:02:32Z,19871,74
489,"15주년 기념 던파인터뷰! 보겸&레바, 그들이 만났다!",vLZFr66R-Aw,2020-07-30T10:25:09Z,34682,439
490,"15주년 기념 던파인터뷰! 성승헌&서유리, 그들이 만났다!",8WyvpyuTS0E,2020-07-30T10:25:07Z,49228,877
491,[던파] 아재쇼 2화 - 헬채널 추천이요!(전편),Rah8_zXvOFE,2020-07-30T00:15:01Z,32969,97
492,15살의 던파를 축하해! (From. 남도형),eXgS_x0TqQA,2020-07-23T01:03:39Z,9173,179
493,15살의 던파를 축하해! (From. 뉴이스트 JR),jUl3MrLt8ro,2020-07-23T01:03:36Z,13454,963
494,15살의 던파를 축하해! (From. 양띵),BjRHWijQmaQ,2020-07-23T01:03:33Z,8161,194
495,15살의 던파를 축하해! (From. 민서),Z6aFWiNVNFk,2020-07-23T01:03:30Z,5301,62
496,15살의 던파를 축하해! (From. 성승헌),Oqs4cB4Pw4Q,2020-07-23T01:03:26Z,9311,141
497,15살의 던파를 축하해! (From. 라온),SAyxk-oUBKQ,2020-07-23T01:03:23Z,9563,124
498,15살의 던파를 축하해! (From. 서유리),XFBsatHNU1o,2020-07-23T01:03:14Z,21996,211
499,15살의 던파를 축하해! (From. 진세연),uS3-7k5n6Dk,2020-07-23T01:03:12Z,6317,74
500,15살의 던파를 축하해! (From. 유라),GLftwbK5nuY,2020-07-23T01:03:10Z,6085,53
501,15살의 던파를 축하해! (From. 보겸),QgmzdW4QVgQ,2020-07-23T01:03:07Z,16790,132
502,15살의 던파를 축하해! (From. 최현석),Zc_t2wKLOfs,2020-07-23T01:03:03Z,6993,56
503,15살의 던파를 축하해! (From. 러블리즈),HPyuYuS9dpU,2020-07-23T01:03:01Z,11514,215
504,15살의 던파를 축하해! (From. 김재우),7enMpggiWJ4,2020-07-23T01:02:57Z,3704,42
505,15살의 던파를 축하해! (From. 권혁수),fymuybYaRAw,2020-07-23T01:02:54Z,3606,43
506,15살의 던파를 축하해! (From. 레바),vJdocHPPwmA,2020-07-23T01:02:50Z,24070,269
507,[던파] 아재쇼 1화 - 작업장 편,kyzNIvSFMEY,2020-07-23T00:01:55Z,26348,263
508,[던파] 전지적 영상 시점,5AV594tBQc0,2020-07-13T01:36:52Z,13794,256
509,[던파] 시네마틱 영상 - 만남,JJ_49AF8U1k,2020-07-10T07:20:38Z,30453,151
510,[던파] 점핑 포유! MV (feat. 썸머 페스티벌),fEmK-tA8q2M,2020-07-09T05:04:44Z,1424359,380
511,[던파] 2020 썸머 페스티벌 이벤트 (프로모션 영상),YcjaBLHwvG4,2020-07-09T03:30:26Z,1532418,66
512,[던파] 진(眞) 크루세이더 플레이,sXUORsnTgBQ,2020-07-08T09:05:06Z,75947,227
513,[던파] 시즌 7 Act 7. 깨달음의 빛,tap9x_Aewr8,2020-07-08T09:05:06Z,96123,548
514,[던파] 진(眞) 퇴마사 플레이,jRjj7i-QXvo,2020-07-08T09:05:06Z,83942,195
515,[던파] 진(眞) 인파이터 플레이,E_2fBXWH-jg,2020-07-08T09:05:06Z,204726,658
516,[던파] 진(眞) 어벤저 플레이,eaUUJG1Wgls,2020-07-08T09:05:06Z,83736,207
517,[던파] 자주하는 실수 꿀팁 안내,UCAMLeSCQyQ,2020-07-01T05:07:02Z,13397,122
518,[던파] 아라드 어드벤처 TMI TOP 10,oVzkVfF_opw,2020-06-30T06:48:39Z,18025,144
519,[던파] 알아두면 쓸데있을 신비한 작곡세계,klS2GhFz7gI,2020-06-19T02:30:18Z,20391,438
520,[던파] 레전더리 대여 이벤트 꿀팁 안내,m4Y07nvZ6_Q,2020-06-16T07:11:08Z,8556,72
521,[던파OST] 마지막 재회 MV,kSk9vGp_zd0,2020-06-15T06:45:11Z,1224087,9497
522,[던파] 시즌 7 Act 6. 극의,Abc_ZM5V8k4,2020-06-10T08:20:38Z,51820,173
523,[던파] 진(眞) 그래플러 플레이,_F6JhPy27sY,2020-06-10T08:20:33Z,123243,688
524,[던파] 결투장 가고 싶어지는 기타 연주 UCC 모음,G5GTawj3Vj0,2020-06-01T03:40:49Z,6580,64
525,[던파OST] 남법사 테마곡 New Trial (feat. 최영경),3qbnQr1Xqf4,2020-05-28T08:28:02Z,86821,372
526,[던파] BGM 연속재생 - 이계 던전,98VLqABJZM0,2020-05-28T07:45:47Z,48533,261
527,[던파] 무형의 잔향 / 시로코 장비 융합 안내,XfvS2BylfdU,2020-05-25T09:11:00Z,32461,205
528,[던파] 레이드 전리품 상점 꿀팁,y-5wSZZPdPE,2020-05-20T02:15:48Z,16052,102
529,[던파] 멋진 던파 기타 연주 모음 (이시스 UCC편),Kyh7t0jQoAY,2020-05-19T07:38:50Z,10994,120
530,"[던파] 마지막 재회 (무의식의 관 : 망각 , 록시 아간조 테마곡)",61CI8E78jkM,2020-05-18T07:23:08Z,119792,1285
531,[던파] 시로코 레이드 꿀팁,fdx3kjKklQs,2020-05-15T06:50:50Z,15992,112
532,[던파] 무형의 시로코 레이드 업데이트 프로모션 영상 (30초 ver),VkkcR6DVRPg,2020-05-14T03:46:26Z,248495,51
533,[던파] 시네마틱 영상 - 재회,WA5naqDOTlM,2020-05-14T01:01:22Z,74787,569
534,[던파] 바람이 품은 꽃 - #4. 낙화,Q82x4-d6lp0,2020-05-14T01:01:11Z,8627,49
535,[던파] 시즌 7 Act 5. 무형의 시로코,ULniLjLgpFI,2020-05-13T08:35:58Z,47039,218
536,[던파BGM] 무형의 시로코 - 의식의 관,U_giT5QXPE4,2020-05-08T06:44:27Z,397248,1290
537,[던파BGM] 무형의 시로코 - 무의식의 관 : 망각 '록시',njbjtXW0oFM,2020-05-08T06:42:58Z,135861,490
538,[던파BGM] 무형의 시로코 - 무의식의 관 : 부정 '시로코의 악몽' / 억압 '안개 속의 암살자',sLdigZCPw4U,2020-05-08T06:42:26Z,81609,214
539,[던파BGM] 무형의 시로코 - 변형된 무의식의 관 '꿈 속의 올드 해그',6730V3pXZb0,2020-05-08T06:40:50Z,41175,69
540,[던파BGM] 무형의 시로코 - 무의식의 관 '시로코의 악몽',OnltIHdV71s,2020-05-08T06:39:24Z,47549,112
541,"[던파BGM] 무형의 시로코 - 무형의 관문 '자비의 비타', '공의의 넥스'",nPoTWAx22y4,2020-05-08T06:37:09Z,44166,86
542,[던파BGM] 무형의 시로코 - 기억의 파편 / 파편의 기억 '먹어 치우는 거스티',uRNNLgIXKsM,2020-05-08T06:36:42Z,34844,61
543,[던파BGM] 무형의 시로코 - 고난의 거울 / 환영의 성 '잔훼의 로도스',nxbVR7feCsI,2020-05-08T06:33:57Z,36277,47
544,[던파BGM] 무형의 시로코 - 몽환의 새벽 '매혹의 하니에르',CJujGoYiNHs,2020-05-08T06:32:53Z,75296,158
545,[던파BGM] 무형의 시로코 - 환영의 경계 '트라&타나',BDdoqMT8m4Y,2020-05-08T06:28:22Z,132156,554
546,[던파BGM] 무형의 시로코 - 악몽의 밤 '백수왕 운조' / 귀환의 낮 '마탄 6 레이나',h1ENrGCXVnw,2020-05-08T06:27:50Z,51529,82
547,[던파BGM] 무형의 시로코 - 파괴된 문 '이름을 잊은 수문장',M9mzzpCvLWg,2020-05-08T06:25:15Z,66120,160
548,[던파BGM] 무형의 시로코 - 파괴된 문,zCcQfJQI-us,2020-05-08T06:23:47Z,84213,255
549,[던파BGM] 무형의 시로코 - 대기실,qfhWUFHt7Ys,2020-05-08T06:22:52Z,117601,306
550,[던파 BGM] 비트비트8비트,QAgbjPDtf1A,2020-05-08T06:21:54Z,12247,63
551,[던파] 바람이 품은 꽃 - #3. 화서,qQPJmjPdjeo,2020-05-07T01:02:44Z,7701,44
552,[던파] 바람이 품은 꽃 - #2. 만개,4TuwOlomM84,2020-05-07T01:02:40Z,5974,38
553,[던파] 비트비트 8비트 이벤트 안내,nGMr4XA3T1I,2020-04-29T06:35:44Z,10807,97
554,[던파] 바람이 품은 꽃 - #1.개화,JbelsXLHKYU,2020-04-29T01:42:12Z,16889,94
555,[던파] 5월 14일 시로코 레이드 Coming Soon,3SE_JyDeeUg,2020-04-29T01:42:10Z,59484,265
556,[던파] 진(眞) 레인저 플레이,rSYzzZHvrR0,2020-04-28T09:01:59Z,136902,211
557,[던파] 진(眞) 스핏파이어 플레이,R2dk9LeUp-8,2020-04-28T09:01:52Z,119013,220
558,[던파] 진(眞) 런처 플레이,2taKDjY9qJE,2020-04-28T09:01:46Z,125880,214
559,[던파] 진(眞) 메카닉 플레이,XKUoab2qGLc,2020-04-28T09:01:44Z,99160,177
560,[던파] 시즌 7 Act 4. 결전의 시간,BP_LFp-FWxg,2020-04-28T09:01:40Z,89104,332
561,[던파] 퀴즈 이벤트 30분 안맞춰도 됩니다.,BA1LHpcivAg,2020-04-27T05:48:55Z,6107,55
562,[던파] 던파 탐험 퀴즈 이벤트 안내,rFVzbeV_8-0,2020-04-23T05:36:40Z,3070,44
563,[던파] 시즌 7 Act 3 외전. 균열의 징후 / 결투장 시즌 7,HLYhO5Wn52M,2020-04-14T09:15:39Z,13997,66
564,[던파] 던린이 여러분 황증 쓰기 전에 필독,s182_F3AErM,2020-04-09T02:01:53Z,19008,163
565,[던파] VR 모드 UPDATE,SY2vF1e8D-k,2020-03-25T08:08:19Z,42775,151
566,[던파] 진(眞) 버서커 플레이,BDHtOOOkBb0,2020-03-18T08:58:37Z,130733,145
567,[던파] 시즌7 Act 3. 귀결(鬼結),37NGRllP30U,2020-03-18T08:58:37Z,53617,180
568,[던파] 진(眞) 소울브링어 플레이,qQULq3U2L_M,2020-03-18T08:58:37Z,122097,156
569,[던파] 진(眞) 웨펀마스터 플레이,7YclD2qz5Y8,2020-03-18T08:58:37Z,136202,169
570,[던파] 던송합니다 - 시방TV 시즌2 모아보기,AtnokwmYcLU,2020-03-12T07:26:36Z,2332,15
571,[던파] 던송합니다 - 시방TV 시즌1 모아보기,r29PBN8fXl0,2020-03-12T07:20:37Z,699,6
572,[던파] 던송합니다 - 미션온 시즌2 모아보기,UUDfhU0-ICo,2020-03-12T07:17:15Z,825,6
573,[던파] 던송합니다 - 미션온 시즌1 모아보기,2cRWU5PLTGs,2020-03-12T07:13:02Z,1023,8
574,[던파] 던송합니다 - 던팟캐스트 시즌2 모아보기,8apLmIS_T4k,2020-03-12T07:10:29Z,375,3
575,[던파] 던송합니다 - 던팟캐스트 시즌1 모아보기,T-SEj90pKng,2020-03-12T07:07:52Z,548,6
576,더 오큘러스 : 심연에 잠식된 성전 녹음 현장 스케치,ZygOIkPxDSU,2020-02-20T07:28:37Z,30785,334
577,[던파BGM] 더 오큘러스 : 심연에 잠식된 성전,WAS_lSnEA60,2020-02-20T03:42:07Z,42286,155
578,[던파] 더 오큘러스 : 심연에 잠식된 성전 프로모션,0U8dU3m8kpo,2020-02-19T07:09:50Z,21310,84
579,[던파] 당신의 키보드가 각성한다면? CF 메이킹 영상,denh3mGAJpQ,2020-02-10T02:08:16Z,6974,90
580,[던파] 피할 수 없다면...각성하라! CF 메이킹 영상,ewwNy9SQ7ZE,2020-02-10T02:08:11Z,2853,27
581,[던파] 眞 스트라이커 플레이,zR9TMmbK4Zw,2020-02-05T07:43:19Z,80398,98
582,[던파] 眞 스트리트파이터 플레이,_u24K5YQvjs,2020-02-05T07:43:16Z,91693,183
583,[던파] 眞 그래플러 플레이,tERFodcsVug,2020-02-05T07:43:13Z,93660,174
584,[던파] 眞 넨마스터 플레이,mqrbgX_OfDg,2020-02-05T07:43:11Z,97491,132
585,[던파] 시즌7 Act2. 한계격파,XHwHJiCTqPU,2020-02-05T07:43:09Z,65201,325
586,[던파] 성캐의 드립력 (feat. 당신의 키보드),TEOsH-KDOnE,2020-01-30T10:58:21Z,43706,388
587,[던파BGM] 웨스트 코스트 연합 진영,wvjfobDJTSo,2020-01-23T03:41:53Z,11334,30
588,[던파BGM] 더 오큘러스 : 부활의 성전 보스 '선지자 에스라',xtP0ZnrOuUY,2020-01-23T03:41:25Z,212997,760
589,[던파BGM] 더 오큘러스 : 부활의 성전,q6IKWVLDbUI,2020-01-23T03:40:34Z,38422,128
590,[던파BGM] 신 황도 겐트,tQaVS0TJvKw,2020-01-23T03:39:52Z,16389,59
591,[던파BGM] 바닥 없는 갱도 보스 '닐바스 그라시아;,6ina_LrSfW8,2020-01-23T03:39:19Z,11102,20
592,[던파BGM] 바닥 없는 갱도,zK00SypEMSs,2020-01-23T03:38:24Z,8123,22
593,"[던파BGM] 기억의 땅 보스 '검사 람바녹', '차원술사 라키아, '제사장 아라크'",uxnhrpLhlPE,2020-01-23T03:38:11Z,8526,24
594,[던파BGM] 기억의 땅,F47qViMbUeA,2020-01-23T03:37:43Z,12220,60
595,[던파BGM] 필라시아,5TO4NwB2AXA,2020-01-23T03:36:35Z,10418,52
596,[던파BGM] 겐트 황궁 보스 '안제 웨인',7rLhTVHHWjY,2020-01-23T03:35:53Z,14446,39
597,[던파BGM] 겐트 황궁,kQE0knl60fE,2020-01-23T03:34:59Z,15069,41
598,[던파BGM] 지혜의 인도,0OhJ1f9SO7M,2020-01-23T03:33:54Z,21758,63
599,[던파BGM] 에를록스 폭풍의 항로,5Ads5-0iLy4,2020-01-23T03:33:03Z,9646,30
600,[던파BGM] 검은 신전 보스 '영매 아이락' / '카잔이 빙의된 로젠버그',pyDrT_QcHMQ,2020-01-23T03:32:24Z,16613,61
601,[던파BGM] 검은 신전,7TlDfjrvNL8,2020-01-23T03:31:39Z,11435,53
602,[던파BGM] 홍옥의 저주,DKdQdcBqRIU,2020-01-23T03:30:54Z,14519,41
603,[던파BGM] 고통의 지하실 보스 '백화 만다린',lHWX9GipTBo,2020-01-23T03:30:08Z,28833,100
604,[던파BGM] 고통의 지하실,G4DroMs93pE,2020-01-23T03:28:50Z,22048,136
605,[던파BGM] 체스트 타운,rto91dakqpc,2020-01-23T03:25:43Z,23505,167
606,"[던파BGM] 유폐의 나락 - 제 3, 4, 5 나락",H9HwRcWT9D8,2020-01-23T03:22:55Z,23043,86
607,[던파] 당신의 키보드가 각성한다면? (30초 ver),Ct4EWg7wbRQ,2020-01-22T01:49:21Z,340900,47
608,[던파] 당신의 키보드가 각성한다면?,iPIS05OwavM,2020-01-22T01:49:00Z,1433777,4626
609,[던파] 2020년 겨울 업데이트 프로모션 광고,aJMSkjrvq4E,2020-01-09T03:25:38Z,2596207,103
610,[던파] 우주 전쟁을 시작하지...응? (30초 ver),9_Q_YeHtViE,2020-01-09T03:25:23Z,211886,55
611,[던파] 아니 저는 총싸움 하러 왔는데...네? (30초 ver),y9p7uhKHMh4,2020-01-09T03:25:10Z,201974,50
612,[던파] 피할 수 없다면…각성하라!,o6JdSmbx4nc,2020-01-09T03:24:40Z,6353604,2961
613,[던파] 眞 다크템플러_플레이,i6skMig9g4s,2020-01-08T08:34:22Z,121532,199
614,[던파] 眞 데몬슬레이어_플레이,cuXW4xTt1NA,2020-01-08T08:34:17Z,129904,247
615,[던파] 眞 베가본드_플레이,XA1KwLIBN-k,2020-01-08T08:34:14Z,80286,170
616,[던파] 眞 소드마스터 플레이,WTHt8f-HSoA,2020-01-08T08:34:11Z,176342,338
617,[던파] 시즌7 Act1. 귀환(歸還),11eR0Fq1wLo,2020-01-08T08:34:03Z,78734,402
618,[던파] 진 베가본드 플레이 영상,6FV-aMyAPuc,2019-12-14T03:26:17Z,187328,151
619,[던파] 진 데몬슬레이어 플레이 영상,2k-YdwB2jeQ,2019-12-14T03:26:15Z,125837,167
620,[던파] 진 다크템플러 플레이 영상,jxlARwIsVFM,2019-12-14T03:26:12Z,121325,139
621,[던파] 진 소드 마스터 플레이 영상,3Ckz26hLg-o,2019-12-14T03:26:09Z,150306,142
622,[던파] 홍옥의 저주 던전 플레이 영상,bqHx---b_sQ,2019-12-14T03:26:04Z,17244,37
623,[던파OST] 어둠속의 빛 (Vocal.최현아),EsIBPgmzH7M,2019-12-14T03:25:57Z,90578,345
624,[던파OST] 그 시간 그 자리에 (Vocal.박혜원HYNN),JrnUjAsTASw,2019-12-14T03:25:46Z,298061,1386
625,[던송2] 던팟캐스트 #4 아이템 툴팁편,zR-5tzx6xhg,2019-12-11T09:44:00Z,539,4
626,[던송2] 미션온 #4 모인물+청정수편,-y_SPrGbxK0,2019-12-09T09:32:36Z,831,8
627,[던송2] 시방TV #4 던파GM편,BtcF_lDMpYU,2019-12-05T11:53:39Z,1281,10
628,[던송2] 던팟캐스트 #3 던파페스티벌 특집,qzynIIq1nhA,2019-12-04T09:54:56Z,659,9
629,[던송2] 미션온 #3 쑤 vs 쪼 승자예측,gp7FIg96PMw,2019-12-02T09:36:48Z,640,9
630,[던송2] 시방TV #3 던페특집,zVbE_afXM5Q,2019-11-28T10:48:00Z,2329,13
631,[던송2] 던팟캐스트 #2 주관적 남자,7h82bSwTW58,2019-11-27T09:46:34Z,294,6
632,[던송2] 미션온 #2 이시스 청정수편,u7VJex6S-FI,2019-11-25T09:56:41Z,1071,14
633,[던송2] 시방TV #2 던파 고객센터편,2fBekZBGzlM,2019-11-21T10:38:17Z,2410,15
634,[던송2] 던팟캐스트 #1 게임보안 특집,acJgBVbGU70,2019-11-21T00:45:11Z,476,6
635,[던송2] 미션온 #1 이시스 모인물편,iymQYU8Ii_s,2019-11-19T04:03:23Z,1488,12
636,[던송2] 시방TV #1 오늘의 던파 선정 기준,CVNKYVh5eY4,2019-11-15T07:37:42Z,4001,30
637,"[던파] 아젤리아, 그 후... #2. 붉게 흐르는 증오",JIDl1UGi0u4,2019-10-24T01:04:05Z,7411,27
638,"[던파] 아젤리아, 그 후... #1. 돌아가다",6RLNArncnvY,2019-10-17T01:00:56Z,5904,61
639,[던파] 천계전기 단편 웹툰 몽유록(夢遊錄),D4vXCkFUfY8,2019-09-26T01:51:06Z,4614,44
640,[던파] 마계 회합 애니메이션,ZgOJhQ_jDtI,2019-09-26T00:57:49Z,120162,1144
641,[던파] 미션온 아라드대격돌 하이라이트,Py9erGAK-vI,2019-09-26T00:50:02Z,946,10
642,[던파] 바스테트의 시련 시네마틱 영상,Ln112TxNn3A,2019-09-05T01:00:09Z,6489,33
643,[던파] 마계 대전 - #4 돌아갈 시간,RfN1mLlWgYY,2019-08-29T00:51:37Z,12043,71
644,[던파] 미션온 하이라이트 쑤페셜 1화,cEJ8iPn8zVg,2019-08-28T09:43:25Z,2358,21
645,[던파/다시보기] 던송합니다 미션온 #9 아라드 대격돌,6u8RExn25mQ,2019-08-26T10:05:40Z,1593,12
646,[던파/다시보기] 던송합니다 시방TV #7,uGmXMiSuZ8A,2019-08-23T01:53:01Z,602,4
647,[던파] 시즌 6 Act 5. 마계 대전 프로모션 (광고),wXGeRb3J3jI,2019-08-22T01:10:53Z,382088,27
648,[던파] 마계 대전 애니메이션 (30초 버전),wQ7o71BQbhA,2019-08-22T01:09:14Z,395111,43
649,[던파] 마계 대전 애니메이션 Full ver.,wHgY9da_7yA,2019-08-22T01:06:24Z,156266,1140
650,[던파] 시즌 6 Act 5. 마계 대전 프로모션,mDJKBusNEJE,2019-08-21T11:57:51Z,17818,44
651,[던파/다시보기] 던송합니다 던팟캐스트 #8 고독한 모험가 미래편,0Rj7bnFdJyI,2019-08-21T09:54:10Z,681,4
652,[던파/다시보기] 던송합니다 미션온 #8 9클로 이시스 깨기,G4NCPHyAOfA,2019-08-19T09:13:04Z,1229,11
653,[던파/다시보기] 던팟캐스트 #7 고독한 모험가 회상편,Ui1vyyXtTqc,2019-08-14T09:53:11Z,351,5
654,[던파] 마계 대전 - 새로운 세계의 신,yCLqcQO4uzI,2019-08-14T01:00:02Z,17065,80
655,[던파/다시보기] 던송합니다 미션온 #7 타임어택,qalzBTvVj5U,2019-08-12T09:55:20Z,1473,13
656,[던파 플레이마켓 시즌4] BGM연주 - The DAN,YYl8gYsJu_c,2019-08-09T09:09:57Z,1235,24
657,[던파 플레이마켓 시즌4] 드로잉쇼 - 김진규,5OGHgz0PKoM,2019-08-09T09:09:57Z,2821,58
658,[던파 플레이마켓 시즌4] 스토리 토크쇼 - 주현태,uc2gRLnLpYg,2019-08-09T09:09:35Z,814,12
659,[던파/다시보기] 던송합니다 시방TV #6,J9dxJxLs6yw,2019-08-08T10:18:06Z,485,8
660,[던파/다시보기] 던송합니다 던팟캐스트 #6,Gbx-W_Y90Ts,2019-08-07T09:48:59Z,308,4
661,[던파/다시보기] 던송합니다 미션온 #6,iUIEK9IcFw8,2019-08-05T09:26:55Z,1946,12
662,[던파/다시보기] 던송합니다 시방TV #5,FmfoZ62js-o,2019-08-02T01:20:34Z,915,12
663,[생방송] - 던송합니다 던팟캐스트 5회,zCbxYb7Bz80,2019-07-31T09:51:39Z,1586,16
664,[던파/다시보기] - 던송합니다 미션온 5회,V6Aij4r73Gs,2019-07-29T09:09:10Z,4806,23
665,[던파/다시보기] - 던송합니다 시방 TV 4회,VAuD0LVsRgA,2019-07-25T10:40:54Z,2898,23
666,[던파] 스킬 커스터마이징 안내 영상,CP0dT3nvaUs,2019-07-25T01:02:58Z,91253,171
667,[던파/다시보기] - 던송합니다 던팟캐스트 4회,cZDFx0Oa1_4,2019-07-24T09:23:55Z,1477,20
668,[던파/다시보기] - 던송합니다 미션온 4회,q-vjUPHV4jg,2019-07-22T09:53:37Z,4763,35
669,[던파/다시보기] - 던송합니다 시방 TV 3회,rd-rC6Wcf3U,2019-07-18T10:36:36Z,4629,41
670,[던파/다시보기] - 던송합니다 던팟캐스트 3회,sV3PUbk8xC4,2019-07-17T09:27:08Z,2190,36
671,[던파/다시보기] - 던송합니다 미션온 3회,DPVN_DkdDLA,2019-07-15T08:59:26Z,5063,37
672,[던파] 던파 썸머페스티벌 이벤트,ZLEhp0QS3R8,2019-07-11T01:26:39Z,1866837,92
673,[던파/다시보기] - 던송합니다 던팟캐스트 2회,SbdW4QKMwiY,2019-07-10T09:27:31Z,1480,20
674,[던파/다시보기] - 던송합니다 미션온 2회,9XV-zcF6ilM,2019-07-08T08:55:22Z,7337,51
675,[던파/다시보기] - 던송합니다 시방TV 2회,GD5MNdNmNAI,2019-07-04T10:07:16Z,6177,41
676,[던파/다시보기] - 던송합니다 던팟캐스트 1회,jrF4fQCayz8,2019-07-03T09:32:20Z,3516,33
677,[던파/다시보기] - 던송합니다 미션온 1회,g7ITR9wk4to,2019-07-01T09:21:03Z,15273,73
678,2019 던파로ON - Summer,BI7jKc7fhH0,2019-06-28T06:55:20Z,29783,295
679,[던파/다시보기] - 던송합니다 시방TV 1회,7SpdbNR7CxY,2019-06-27T10:06:45Z,5054,54
680,"[던파] 임원희, 정석용의 20년 우정에 금이 간 이유는?",4yKIILvK0c0,2019-06-27T02:07:04Z,5766,33
681,[던파] 던파할만한데!,LtreEIQTkA0,2019-06-27T02:07:01Z,2234,16
682,[던파] 임원희가 모험가 여러분께 영통을 신청하셨습니다,1o6nRRyy65M,2019-06-27T02:06:54Z,3552,20
683,[던파] 어디가! 던파해야지?,xBWD7smevao,2019-06-27T02:06:51Z,4036,27
684,[던파] 6초 안에 썸머페스티벌 보상 읽기,SZwi2QhDv08,2019-06-27T02:06:48Z,3880,15
685,[던파] 썸머페스티벌 광고 : 그만 줘 이 던파야! (30s ver.),2PmSmsCfP0E,2019-06-27T02:06:44Z,2064305,100
686,[던파] 썸머페스티벌 광고 : 그만 줘 이 던파야!,AAMLUGECuJg,2019-06-27T02:05:04Z,3509203,612
687,[던파] 마계 회합 전야 - 재회(再會),VH5N3xfwHJk,2019-05-23T01:41:32Z,6964,45
688,[던파] 시즌 6 Act 4. 2차 마계 회합 프로모션,rELG5hkuNWM,2019-05-22T07:03:21Z,29915,137
689,[던파] 마계 회합 전야 - 새로운 약속,dl_xw2DgOkU,2019-05-16T01:02:05Z,7601,44
690,[던파] 마계 회합 시네마틱 - 신변 확보,fIXP_RI4LA4,2019-05-16T01:02:02Z,21670,61
691,[던파] 마계 회합 전야 - 불화,XzjJZkM_E6I,2019-05-09T01:01:19Z,5615,42
692,[던파] 마계 회합 전야 - 도서관의 마도학자들,5vdDvOvfICs,2019-05-02T01:00:18Z,20541,131
693,[던파] 5000일의 메모리,JKRcPZyrULQ,2019-04-18T02:05:26Z,333776,83
694,던파 X Re:제로부터 시작하는 이세계 생활 콜라보레이션!,IjwkUlFZUMQ,2019-04-18T01:52:46Z,27912,73
695,[던파BGM] 영혼의 안식처,JegAMao07Ic,2019-04-18T00:15:46Z,22222,116
696,[던파] 네오플 치킨 사업 진출! 프라이시스 치킨,XhxUjzgVn6A,2019-03-28T01:02:24Z,42771,158
697,[던파] 인터랙티브 영화 MEHMET 3월 28일 대개봉,w7m7PTPlqGg,2019-03-28T01:02:10Z,7105,20
698,[던파 BGM] 두근두근 용사의 꿈,20oX5WBIypk,2019-03-25T01:39:21Z,4892,44
699,[던파] 카쉬파의 숨겨진 기록 - #2. 또 다른 부화,h-jEd62PhGg,2019-03-07T01:08:03Z,7437,41
700,[던파] 카쉬파의 숨겨진 기록 - #1. 추적,yhcP2Whg_J4,2019-02-28T01:00:19Z,13357,71
701,[던파BGM] 스레니콘 (Slenikon),xs8zfHRZMHw,2019-02-20T08:17:14Z,78068,186
702,[던파BGM] 밤의 마천루 외곽 (Prey - Isys 1 Phase),PKLcVrU1Vk4,2019-02-20T02:52:31Z,150106,340
703,[던파BGM] 프레이 - 이시스 (Prey - Isys),PIc2F73e7jI,2019-02-20T02:52:31Z,750833,2321
704,[던파BGM] 잿빛무덤 (Ashy Graveyard),CGWSSi-_LX0,2019-02-20T02:52:31Z,135809,346
705,[던파BGM] 밤의 마천루 심층부 (Prey - Isys 2 Phase),iKyRIL1_yBo,2019-02-20T02:52:31Z,102954,181
706,[던파] 프레이 - 이시스 레이드 애니메이션 광고 영상,Ha3iI3fW-pU,2019-02-14T06:46:09Z,767501,110
707,[던파] 프레이 - 이시스 레이드 게임 프로모션 영상,CtSea5jlBAU,2019-02-14T06:46:01Z,735222,31
708,[던파] 시즌 6 Act 3. 프레이 - 이시스,io5ehHSWNjI,2019-02-13T09:52:37Z,58457,178
709,Episode 3. 방문자,rnG6IylPI1I,2019-02-07T01:01:35Z,92717,86
710,Episode 2. 추종자들,mZNDB21nSYM,2019-01-31T01:02:00Z,64692,98
711,[던파] 검귀&인챈트리스 업데이트 (30'),IgtruGoy4WU,2019-01-24T05:30:37Z,2139008,113
712,[던파] 캐릭터 시네마틱 영상 - 인챈트리스,sW8hCxxgIbM,2019-01-23T08:01:44Z,77033,354
713,[던파] 캐릭터 시네마틱 영상 - 검귀,HRhkmmKUiOY,2019-01-23T08:01:43Z,128868,492
714,"[던파] 귀검사(남) 전직 - ""검귀"" 플레이 영상",20ztAX_xAIM,2019-01-23T08:01:43Z,56094,104
715,"[던파] 마법사(여) 전직 - ""인챈트리스"" 플레이 영상",vB4GynH56JI,2019-01-23T08:01:43Z,39048,69
716,[던파] 시즌 6 Act 2. 다섯번째 운명,OgBsLi06vb4,2019-01-23T08:01:43Z,33375,143
717,[2018 던파 페스티벌] 자캐 뮤직 - 라이브 스튜디오,0EVeQ1qlWkk,2019-01-14T03:40:53Z,2037,24
718,[2018 던파 페스티벌] 생존 토론 - 라이브 스튜디오,O7gwZrUH5EA,2019-01-10T08:43:14Z,6548,32
719,[2018 던파 페스티벌] 부탁해요 냉장고를 - 라이브 스튜디오,Bt-aCnAgjPk,2019-01-10T07:52:32Z,4792,30
720,Episode 1. 히카르도,-Let_5szGvg,2019-01-10T01:17:09Z,63096,235
721,던파 겨울 업데이트 프로모션 영상,4yj357fJ0CQ,2018-12-28T04:33:04Z,1369708,129
722,[던파] 던파와 함께하는 겨울 CF,VzampJQY-O0,2018-12-27T01:04:55Z,2714991,512
723,[던파] 시즌 6 Act 1 외전. 오퍼레이션 : 호프,5GGTwSk-014,2018-12-26T08:31:48Z,38742,96
724,[던파] 프레이 - 이시스 레이드 플레이,OjZlKBPJq9E,2018-12-25T03:04:27Z,60209,99
725,[던파] 마법사(여) 신 전직 '인챈트리스' 플레이,WPjAZA1RTo4,2018-12-25T03:04:05Z,268151,200
726,[던파] 귀검사(남) 신 전직 '검귀' 플레이,8WuLbHINq58,2018-12-25T03:03:44Z,399388,305
727,[던파] 다섯 번째 전직 검귀&인챈트리스 애니메이션,F3mur7KxLJA,2018-12-25T03:03:23Z,174104,1384
728,[던파] 프레이-이시스 애니메이션 티저,LH8BOPJiOg0,2018-12-25T03:03:10Z,122591,398
729,[던전앤파이터] 더 던파걸 라이브 - 민서 in 던파 카페,iH4T5LLAypo,2018-12-12T02:01:08Z,9884,61
730,[던파] 알비온 저택의 비극 시네마틱 영상,msp0kgaQPPk,2018-11-29T01:03:24Z,13012,58
731,[던파] 더 던파걸 라이브 예고,OmlyG0vYgDI,2018-11-22T01:01:07Z,9220,26
732,[던파] 추석 연휴! 최고 레벨 에픽 무기 지급 이벤트,321yPMYf9oA,2018-09-20T01:05:37Z,309241,27
733,[던파] 5분 순삭 핀드워 살펴보기,y8uTy5NhzJ4,2018-09-13T04:24:22Z,9318,40
734,[던파] 시즌 6 Act 1. 핀드워 업데이트 광고,Adj5v2XKlpU,2018-09-13T01:07:18Z,510071,17
735,[던파] 초시공 능력 발현 세트 효과,qsNF8FmMqN8,2018-09-12T08:43:35Z,68272,126
736,[던파] 시즌 6 Act 1. 핀드워,rwkQ6x8oWJ8,2018-09-12T08:43:11Z,20375,46
737,[던파] 핀드워 시네마틱 티저 영상,31osoKop3mA,2018-09-06T01:00:18Z,386476,38
738,[던파] 핀드워 시네마틱,OZrnVe7JaZE,2018-08-30T01:28:08Z,129713,170
739,[던파BGM] 토탈 이클립스 보스 (Total Eclipse - Boss),SU0-smsdO3Y,2018-08-28T08:20:12Z,13954,31
740,[던파BGM] 다크 시티 보스 (Dark City - Boss),K_YzWAPBdmo,2018-08-28T08:20:11Z,7595,20
741,[던파BGM] 암시장 (Black Market),vudM3HCS8G4,2018-08-28T08:20:11Z,23213,105
742,[던파BGM] 로열 카지노 보스 (Royal Casino - Boss),MGFko4gK_3E,2018-08-28T08:20:10Z,12107,38
743,[던파 BGM] 제9 격리구역 보스 (District 9 - Boss),gSSydvonJLo,2018-08-28T08:20:10Z,13948,60
744,[던파 BGM] 다크 시티 (Dark City),N2oI7pxbkOU,2018-08-28T08:20:10Z,7236,17
745,[던파BGM] 테이베르스 - 무너진 낙원 보스 (Tayberrs - Collapsed Paradise - Boss),tGcv7-JgL9k,2018-08-28T08:20:10Z,29418,66
746,[던파 BGM] 로열 카지노 (Royal Casino),N6x-7iQUMsc,2018-08-28T08:20:10Z,79191,539
747,[던파 BGM] 토탈 이클립스 (Total Eclipse),7LNfn9plNKE,2018-08-28T08:20:10Z,15626,51
748,[던파BGM] 보더 타운 (Border Town),_dhEJXUFIag,2018-08-28T08:20:10Z,9330,25
749,[던파BGM] 테이베르스 - 무너진 낙원 (Tayberrs - Collapsed Paradise),yqeln7qNsT8,2018-08-28T08:20:10Z,77195,307
750,[던파 BGM] 보더 타운 보스 (Border Town - Boss),HKwoavcx4a4,2018-08-28T08:20:10Z,8417,11
751,[던파BGM] 제9 격리구역 (District 9),8TE8eny3yNQ,2018-08-28T08:20:10Z,13805,42
752,[던파BGM] 파이트 클럽 (Fight Club),9suYqW2J4bA,2018-08-28T08:19:36Z,17031,57
753,[던파 BGM] 파이트 클럽 보스 (Fight Club - Boss),GpWOayEcXmk,2018-08-28T08:19:20Z,24162,111
754,[던파] 할렘 업데이트 프로모션 영상,0ViVdWmXaeM,2018-08-14T06:36:01Z,182747,19
755,[던파] 할렘 업데이트 프로모션 TVCF,ipmrnbkPif8,2018-08-09T11:09:53Z,154519,28
756,[던파] 할렘 업데이트 프로모션 영상,cYBNBYYqJ-c,2018-08-09T06:46:20Z,3623,23
757,[던파] 시즌 6. 할렘,mwl_pwjNvDE,2018-08-08T09:06:26Z,19750,74
758,[던파] Welcome to Harlem teaser,5mWAquonyBQ,2018-08-02T01:07:06Z,153017,57
759,2018 던전앤파이터 완전정복 - 할렘편,-h7dCrIcb10,2018-08-02T01:05:22Z,25659,144
760,아라드의 춤/신/춤/왕 BGM Hiphop Ver.,nLFhbUw-Bz4,2018-07-23T00:55:22Z,4808,28
761,아라드의 춤/신/춤/왕 BGM House Ver.,bI_oICdfymM,2018-07-23T00:55:06Z,5395,43
762,2018 던전앤파이터 완전정복 - 스토리편,D8NdXoxUguo,2018-07-05T02:51:05Z,33562,198
763,2018 던전앤파이터 완전정복 - 세계관편,pnomeQq8IPs,2018-06-28T01:09:46Z,37023,258
764,마계 영상 기록물 제작사 뿌리 인터뷰,S0tCAAkteAI,2018-06-21T07:48:13Z,11296,135
765,던파X하츠네 미쿠 - Ievan Polkka,r03S_cPcLSY,2018-06-21T01:16:22Z,14277,83
766,던전앤파이터X하츠네 미쿠의 콜라보레이션!,i-WQQMQ0Cw0,2018-06-21T01:04:15Z,9992,60
767,[던파] 마계 영상 기록물,YlvUNxTfuE0,2018-06-16T11:34:03Z,192724,1258
768,[던파] 돌아온 황야의 무법자 프로모션 영상,0UauncGxVmM,2018-04-05T01:01:57Z,14697,46
769,[던파] 시즌 5 Act 11 외전. 레이드 : 리부트,XVjMmMNCDa0,2018-04-04T09:31:14Z,19743,77
770,[던파] 시즌 5 Act 41. 봉인 해제,jHOP5CJId74,2018-03-28T08:48:18Z,38313,96
771,[던파로ON] 1부 디렉터 토크쇼,tdNYGw0W79E,2018-03-10T09:11:41Z,11681,48
772,"[시즌5 Act 11. 임무 개시 #2] 갓파더 ""황혼의 날개""",sf0fjl1wXWo,2018-02-21T09:06:22Z,83463,28
773,[시즌5 Act 11. 임무 개시 #2] 히트맨 플레이,1lYulMtIZtM,2018-02-21T09:06:22Z,95599,81
774,"[시즌5 Act 11. 임무 개시 #2] 빅보스 ""블리츠 크리그""",gvN3wLXJMr0,2018-02-21T09:06:21Z,50634,16
775,[시즌5 Act 11. 임무 개시 #2] 스페셜리스트 플레이,FURz4NJvY3s,2018-02-21T09:06:21Z,90750,76
776,[던파] 시즌 5 Act 11. 임무 개시 #2,VDlCkOsc7a0,2018-02-21T09:06:21Z,60263,196
777,"[시즌5 Act 11. 임무 개시 #2] 패스파인더 ""익시드""",Ip-8aYirVDA,2018-02-21T09:06:21Z,63346,17
778,"[시즌5 Act 11. 임무 개시 #2] 코어 마스터 ""버스트 필드""",5l1_xnwUtg8,2018-02-21T09:06:21Z,36603,13
779,[던파] 와일드 포레스트 프로모션,WYW_OAm9FQU,2018-02-08T01:05:18Z,20944,93
780,"[던파] 지금부터 할 수 있다, 총검사",FwFTHKbGw5Q,2018-01-18T02:36:13Z,5778952,415
781,[던파OST] 총검사 테마곡 - Nowhere (Vocal. Kim Min Ho),fr9t0AayHSI,2018-01-18T01:01:50Z,378129,1491
782,"[시즌5 Act 10. 임무 개시] 레퀴엠 ""월식""",Y6Xwd9A81jg,2018-01-17T11:18:50Z,81649,37
783,[시즌 5 Act 10. 임무 개시] 트러블 슈터 플레이,9vJF6-04gpg,2018-01-17T11:18:49Z,69151,71
784,"[시즌5 Act 10. 임무 개시] 와일드 카드 ""G-Widow""",al3QCLG8sMQ,2018-01-17T11:18:49Z,42894,12
785,[던파] 시즌 5 Act 10. 임무 개시,_Ipy08UdaHs,2018-01-17T11:18:49Z,98261,367
786,"[시즌5 Act 10. 임무 개시] 인포서 ""요인 암살""",5Ibf0_Up70E,2018-01-17T11:18:49Z,55412,22
787,캐릭터 시네마틱 영상 - 총검사,SWEW8B0Is2I,2018-01-17T11:18:49Z,78201,94
788,[시즌 5 Act 10. 임무 개시] 요원 플레이,csu7KPFi_2o,2018-01-17T11:18:49Z,82565,92
789,"[시즌5 Act 10. 임무 개시] 언터처블 ""인크레더블""",Wioa3IjzFfI,2018-01-17T11:18:49Z,56816,21
790,[던파] 총검사 티징 영상 (feat. 김재우),VSSC6Af4bhQ,2018-01-11T06:17:14Z,290761,79
791,[던파] 시즌 5 Act 9. 마수 프로모션 영상,Cgq4Qp7mEeY,2017-12-27T09:10:53Z,57123,80
792,던파걸 민서가 소개하는 12월 겨울 이벤트!,0NjiL-KejJs,2017-12-26T01:23:46Z,5643,29
793,마수던전 플레이 영상,XSLVGbMXJKA,2017-12-09T03:57:13Z,42085,78
794,총검사-요원&트러블 슈터 플레이 영상,gN7pKZEnRUM,2017-12-09T03:42:12Z,260364,342
795,[던전앤파이터] 총검사 애니메이션,WHsQx6FyQZ8,2017-12-09T03:41:55Z,203177,896
796,"[시즌 5 Act 8. 운명을 가르는 창] 드래고니안 랜서 2차 각성, 제노사이더 플레이",BqOV3xK_Dso,2017-10-25T09:04:11Z,95269,81
797,[던파] 시즌 5 Act 8. 운명을 가르는 창 프로모션 영상,8WO6x-NYlNw,2017-10-25T09:04:11Z,52844,190
798,"[시즌 5 Act 8. 운명을 가르는 창] 다크 랜서 2차 각성, 에레보스 플레이",UEA5c14-Y2o,2017-10-25T09:04:10Z,102941,70
799,[던파] 오리진 업데이트 프로모션 영상,papUbUMM02I,2017-09-21T07:30:36Z,1765690,69
800,[던파] 마창사 신규 전직 애니메이션,NTZ4KH3bExM,2017-09-21T03:05:49Z,146305,559
801,[시즌 5 Act 7. 오리진] 오리진 프로모션 영상,PZDxec0oG-Y,2017-09-20T07:58:27Z,47563,141
802,[시즌5 Act 7.오리진] 드래고니안랜서 플레이 영상,Zruv2-Q-B10,2017-09-20T07:58:27Z,106324,99
803,[시즌5 Act 7.오리진] 램페이저 각성기,w5z52HHz3bQ,2017-09-20T07:58:26Z,52628,12
804,[시즌5 Act 7.오리진] 다크랜서 플레이 영상,WeWo-Mys6vM,2017-09-20T07:58:26Z,118584,97
805,[시즌5 Act 7.오리진] 레비아탄 각성기,AmGTx4igoY4,2017-09-20T07:58:26Z,57358,13
806,던전앤파이터 캐릭터 테마곡 OST 메이킹 필름,JhTWbF4If2I,2017-09-20T02:59:12Z,13363,80
807,[던파OST] 여격투가 테마곡 Belief (feat. 민서),1HwoUxhfWwc,2017-09-20T01:30:02Z,364721,1368
808,[눈던이 프로젝트] 1~8화 한 번에 보기,-SzxjnNPRg8,2017-09-15T06:57:12Z,17314,72
809,[던파OST] 남귀검사 테마곡 A Demon Within (feat. 홍석민),Equ9o1vRPb8,2017-09-13T01:30:11Z,202169,513
810,[눈던이 프로젝트] EP.8 던린이 졸업을 축하합니다~!,StX65e3meWc,2017-09-08T09:30:58Z,18176,122
811,[던파OST] 여거너 테마곡 The wind blew (feat. 이용신),yfbArVSaG9Q,2017-09-06T01:30:12Z,501213,2149
812,[눈던이 프로젝트] EP.7 민서 vs 쑤남! 대결의 승자는?,41XNtAv4qjk,2017-09-01T08:55:46Z,17623,85
813,[던파] 나이트 애니메이션 풀 버전 최초 공개!,fyC34XK5_LM,2017-08-31T01:00:54Z,147928,783
814,[던파] 시즌 5 Act 6. 개선행진 프로모션 영상,10DiLHxxxb8,2017-08-30T10:09:29Z,84417,231
815,"[시즌 5 Act 6. 개선행진] 팔라딘 2차 각성, 세이비어플레이",Aw3jZ_TyR9o,2017-08-30T10:09:28Z,110008,58
816,"[시즌 5 Act 6. 개선행진] 드래곤나이트 2차 각성, 드레드노트 플레이",CNHyM5t_1Ws,2017-08-30T10:09:28Z,96144,49
817,[던파OST] 남프리스트 테마곡 Believer (feat. 김민호),ZPk8w16kTUM,2017-08-30T01:30:50Z,199554,683
818,[눈던이 프로젝트] EP.6 만렙 달성! 던린이 졸업!?,AitZmkI6TB4,2017-08-25T08:54:57Z,15519,80
819,[던파OST] 남거너 테마곡 Nothing to lose (feat. 요이),nAj2sa8sMg4,2017-08-23T01:30:44Z,241389,818
820,[눈던이 프로젝트] EP.5 알쏭달쏭!? 몸으로 말해요~,UWE1l3lXCs4,2017-08-18T08:55:40Z,11229,60
821,[던파] 자에픽 무기와 지옥파티 초대장 2000장을 드립니다!,kOsRxjhRqT8,2017-08-17T07:59:24Z,6153,17
822,[던파OST] 남격투가 테마곡 Man's road (feat. 전인혁),UY7akoqA7mk,2017-08-16T01:31:01Z,178047,840
823,던파 ON AIR : DPL 특집 '루크 연구소',bWEFBcNksXU,2017-08-15T11:51:15Z,8813,34
824,[눈던이 프로젝트] EP.4 아바타의 운명은? 돌려돌려 돌림판!,IFD3TqSJ6-E,2017-08-11T08:55:15Z,15831,67
825,[던파] 8월 10일 에픽 무기 제작 시스템 UPDATE,mUUCvUSjvqs,2017-08-10T01:00:33Z,12442,43
826,[던파OST] 여귀검사 테마곡 It's my war now (feat. 이라온),c0bMkRw0WoE,2017-08-09T01:30:01Z,383777,1984
827,[눈던이 프로젝트] EP.3 어서 오세요! 쑤남네 민박,mtjpWA7r0Vo,2017-08-04T09:01:51Z,12480,93
828,[던파OST] 여마법사 테마곡 Journey (feat. 다즈비),vmKrlaijLSY,2017-08-02T01:30:14Z,336519,1553
829,던파 ON AIR : 던린이를 부탁해! - 안톤편 - 5회,MYhvSUUVCIE,2017-07-29T13:03:45Z,6591,31
830,[눈던이 프로젝트] EP.2 쑤남의 가르침. 낄끼팔팔!?,G7hNrazLPCo,2017-07-28T08:59:15Z,25431,101
831,[던파OST] 도적 테마곡 Rush (feat. 헤이거),IHssIvalA1I,2017-07-26T01:29:35Z,104510,330
832,던파 Origin : The Beginning 메이킹,GrQX-CSGpNA,2017-07-21T10:06:23Z,3436,22
833,[눈던이 프로젝트] EP.1 민서와 쑤남의 재회. 그리고 드-림포유↗,fFl3fhRQbcM,2017-07-21T09:12:35Z,16779,108
834,[점검방송] 던파 ON AIR - 4회,m542nQcDEE0,2017-07-20T01:38:11Z,13257,31
835,[던파] 시즌 5 Act 5. 기사단 집결 프로모션 영상,zUYCOD-s3Dk,2017-07-20T01:09:00Z,366546,155
836,[시즌 5 Act 5. 기사단 집결] 드래곤나이트 플레이 영상,VSh9LNE3UX8,2017-07-19T07:00:15Z,94058,62
837,[시즌 5 Act 5. 기사단 집결] 팔라딘 플레이 영상,ft0VbZz40Ws,2017-07-19T07:00:15Z,85468,50
838,[던파] 민서의 팔라딘/드래곤나이트 업데이트 소개 영상,GWKEjU8LwYc,2017-07-19T07:00:14Z,25718,83
839,[시즌5 Act 5. 기사단 집결] 타이런트 각성기,lRqnFlZe9ao,2017-07-19T07:00:14Z,65083,9
840,[시즌5 Act 5. 기사단 집결] 센티넬 각성기,ZwHS3H52mDc,2017-07-19T07:00:14Z,66308,8
841,[던파OST] 나이트 테마곡 DREAM4U 2017 (Vocal by SSUNA),ka2Xf147V-Y,2017-07-19T01:30:22Z,245682,832
842,던파 ON AIR : 던린이를 부탁해! - 안톤편 - 4회,W7bWpOMK6Ns,2017-07-15T12:22:20Z,3750,27
843,[던파] 오리진 : 더 비기닝 2부,pWY2vTf2hD0,2017-07-11T06:31:10Z,36212,67
844,[던파] 오리진 : 더 비기닝 1부,bWFQf9eYoXM,2017-07-11T06:30:47Z,8215,26
845,에픽 제작 시스템 - 신규 90Lv 에픽 무기 효과 공개,ZYlTnMy_vpM,2017-07-08T11:18:28Z,70169,88
846,[단독] 충격! 쑤남은 24시간동안 던파만 생각한다.,qLV0nyF7ksI,2017-07-08T10:49:18Z,28050,33
847,[던파걸민서] 미스틱엔터 축전 영상,93GCQLlSr9Y,2017-07-08T10:49:05Z,6441,23
848,[던파걸민서] 민서의 던파걸 신고식!,L6hVQ673RJI,2017-07-08T10:48:50Z,46074,118
849,던파 ON AIR : 던린이를 부탁해! - 안톤편 - 3회,oaTdnM7_igE,2017-07-01T12:16:09Z,12503,36
850,[던파/던파말나들이] 귀없찐이 뭐예요?,NPYpDsfiHUo,2017-06-22T00:59:07Z,7451,44
851,던파 ON AIR : 던린이를 부탁해! - 안톤편 - 2회,wQ9rtalVcJo,2017-06-17T13:00:30Z,16519,79
852,던파 ON AIR : 던린이를 부탁해! - 안톤편 -,GErS6BdZWYo,2017-06-03T12:13:36Z,26815,103
853,[점검방송] 던파 ON AIR - 3회,vGeWB7iVLqo,2017-05-11T01:22:32Z,20050,67
854,[점검방송] 던파 ON AIR - 2회,uCGiNkREC3g,2017-04-27T02:24:38Z,13022,60
855,한방에 다 주는 황금연휴 갓이벤트,4AwSB0v6QDc,2017-04-27T01:07:10Z,6441,18
856,[Live] 액션토너먼트 2017 스프링 마스터즈 10회 - 던전앤파이터,JjomcodisvU,2017-04-16T07:33:46Z,4882,17
857,[Live] 액션토너먼트 2017 스프링 마스터즈 9회 - 던전앤파이터,JffCO4fkpPU,2017-04-15T07:31:40Z,2095,9
858,던전앤파이터 9시 점검 뉴스,GYMKbyRH-Qk,2017-04-13T02:14:14Z,9163,41
859,[Live] 액션토너먼트 2017 스프링 마스터즈 8회 - 던전앤파이터,d6LDFBXSjf4,2017-04-09T06:56:54Z,2154,13
860,[Live] 액션토너먼트 2017 스프링 마스터즈 7회 - 던전앤파이터,Gk3QtxUfFHc,2017-04-08T07:35:32Z,1947,13
861,[던파] 만우절 안톤레이드 애니메이션 영상,mc7nJH5fXC4,2017-04-05T06:21:56Z,94330,624
862,던전앤파이터 Dance RPG Pad 출시!,8741ugt2IGQ,2017-03-30T00:00:05Z,52071,119
863,[Live] 액션토너먼트 2017 스프링 마스터즈 4회 - 던전앤파이터,esKv1Y758j0,2017-03-26T07:38:17Z,6031,33
864,[시즌 5 Act 4. 전설의 시작] 전설던전 '에컨-파괴된 신전' 플레이 영상,-UxVQe_F0mE,2017-03-17T06:03:09Z,20489,22
865,[시즌 5 Act 4. 전설의 시작] 전설던전 프로모션 영상,GWKGck5zmxQ,2017-03-15T07:12:02Z,48689,157
866,[던파] 루나의 길드대전 가이드,_4DG7Nf51MA,2017-03-09T00:14:36Z,7929,26
867,[던파OST] 여프리스트 테마곡 Embracing Me Rock ver.(vocal by 권혁수),nzrYZJMmT_Y,2017-02-24T02:12:27Z,299880,1206
868,권혁수가 부르는 여프리스트 테마곡 Embracing me 메이킹 필름,erj_ny-3fxg,2017-02-24T02:03:02Z,27011,105
869,[시즌 5 Act 3. 구원] 프리스트(여) 2차 각성 세라핌 플레이 영상,xJm42BGRwl4,2017-02-22T09:57:31Z,163208,140
870,[시즌 5 Act 3. 구원] 이단심판관 2차 각성 인페르노 플레이 영상,nvFSFWTD4Cc,2017-02-22T09:57:31Z,189739,261
871,[시즌 5 Act 3. 구원] 프리스트(여) 2차 각성 프로모션 영상,RZ6xaxndQts,2017-02-22T09:57:31Z,278824,1102
872,[시즌 5 Act 3. 구원] 미스트리스 2차 각성 리디머 플레이 영상,ZJdzvRT7uVw,2017-02-22T09:57:31Z,208483,200
873,[시즌 5 Act 3. 구원] 무녀 2차 각성 천선낭랑 플레이 영상,MVoeYHEFnWo,2017-02-22T09:57:31Z,159140,136
874,여프리스트의 강시현 성우님 인터뷰,9qeIRnVewpw,2017-02-20T06:40:05Z,43921,165
875,[시즌 5 Act 2 외전] 비탄의 탑,slXHCRr6jMc,2017-02-09T06:57:09Z,7257,24
876,공승연&권혁수의 여프리스트 메이킹!,7CzGqD0ea7U,2017-01-26T06:52:23Z,17411,78
877,[던파] 권혁수&공승연의 여프리스트,EHL_qhtM3nE,2017-01-26T03:33:24Z,647300,239
878,[던파] 권혁수의 여프리스트 (FULL ver.),-ghmG0bAxUI,2017-01-26T01:03:00Z,84979,408
879,[던파] 2017년 첫 업데이트 소개!,Q7vUuH_CiNM,2017-01-19T05:02:36Z,26500,135
880,[던파OST] 여프리스트 테마곡 Embracing Me (Vocal by Mirae & Dazbee),Mg2v_ndOfgE,2017-01-19T01:46:03Z,1173915,6126
881,[던파] 공승연의 여프리스트,bQEPzH9ON98,2017-01-19T01:40:21Z,535298,199
882,[던파] 크루세이더 - 여프리스트 시네마틱,uEXv-eVsC-U,2017-01-19T01:39:50Z,95376,282
883,[던파] 이단심판관 - 여프리스트 시네마틱,Ygha3IwFlHk,2017-01-19T01:39:41Z,124776,431
884,[던파] 미스트리스 - 여프리스트 시네마틱,rUGWhs95zb0,2017-01-19T01:39:14Z,125449,348
885,[던파] 무녀 - 여프리스트 시네마틱,JawOuP7hItc,2017-01-19T01:39:00Z,103521,265
886,[시즌 5 Act 2. 검은 성녀] 크루세이더 플레이 영상,mouji2EY2SM,2017-01-18T09:51:27Z,96824,56
887,[시즌 5 Act 2. 검은 성녀] 미스트리스 플레이 영상,3rdNUwK-jeo,2017-01-18T09:51:26Z,124344,82
888,[시즌5 Act 2. 검은성녀] 헬카이트 각성기,Ujs5r6V1RmU,2017-01-18T09:51:26Z,31251,17
889,[시즌5 Act 2. 검은성녀] 에반젤리스트 각성기,IBQ4HpHBDgk,2017-01-18T09:51:26Z,32512,16
890,[시즌 5 Act 2. 검은 성녀] 무녀 플레이 영상,614Sik2nnrM,2017-01-18T09:51:26Z,108638,52
891,[시즌 5 Act 2. 검은 성녀] 이단심판관 플레이 영상,44HEKa9D5K4,2017-01-18T09:51:26Z,120732,89
892,[시즌 5 Act 2. 검은 성녀] 캐릭터 시네마틱 영상 - 프리스트(여),IdF-CzO5cdQ,2017-01-18T09:51:25Z,92203,140
893,[시즌5 Act 2. 검은성녀] 신세이어 각성기,jYFrMEdJ4u4,2017-01-18T09:51:25Z,31902,15
894,[시즌5 Act 2. 검은성녀] 신녀 각성기,PzthjmTL2v4,2017-01-18T09:51:25Z,29089,9
895,2016 던파페스티벌 하이라이트,PS5M4ZvBvDk,2017-01-05T07:45:33Z,5216,15
896,"[던파] 지옥파티 초대장, 무려 3,000장씩이나! 100% 즉시 지급!",H-vPDPL47Gk,2016-12-29T01:02:03Z,18162,63
897,2016 던파 페스티벌 THE 아라드 - 겨울 업데이트 발표,fFY7Xt4q1oQ,2016-12-27T05:22:38Z,7778,44
898,프리스트(여) 전직별 플레이 영상 - 미스트리스,j3quxIjpKyU,2016-12-24T03:12:32Z,164313,118
899,프리스트(여) 전직별 플레이 영상 - 무녀,Jpyti6NdugM,2016-12-24T03:12:21Z,153280,106
900,프리스트(여) 전직별 플레이 영상 - 이단심판관,KoEOYF3HApo,2016-12-24T03:08:09Z,157134,130
901,프리스트(여) 전직별 플레이 영상 - 크루세이더,Va1girIRcJM,2016-12-24T03:07:56Z,155792,118
902,[여프리스트] 애니메이션 최초 공개,T2ZGiHLmEdE,2016-12-24T03:07:34Z,135553,390
903,2016 던파 페스티벌 영상,coJ78JstQsw,2016-12-01T01:00:13Z,25817,37
904,[던파나 하자] NG컷 모음,csrZBID3OWg,2016-11-29T05:52:12Z,5966,19
905,[DPL] 8강전 다시보기 - A조 2경기,6QjPbClRBaM,2016-11-16T03:43:54Z,31821,29
906,[DPL] 8강전 다시보기 - A조 3경기,IYUa6Y29pzs,2016-11-16T03:43:54Z,24701,18
907,[DPL] 8강전 다시보기 - A조 1경기,hS4OV8lfyyE,2016-11-16T03:43:54Z,80682,70
908,[DPL] 8강전 다시보기 - A조 4경기,22yMan0YHYA,2016-11-16T03:43:53Z,19720,12
909,[DPL] 8강전 다시보기 - B조 1경기,ArB4aBBVGaU,2016-11-16T03:43:53Z,40100,30
910,[DPL] 8강전 다시보기 - B조 2경기,EYKyP4ItxTo,2016-11-16T03:43:53Z,20651,14
911,[DPL] 8강전 다시보기 - B조 3경기,9B9HlZwC2xM,2016-11-16T03:43:53Z,23328,19
912,[DPL] 8강전 다시보기 - B조 4경기,JJKvbBS-uzM,2016-11-16T03:43:52Z,44065,107
913,[던파나 하자] 시험편,mL-A7hLcwwI,2016-11-16T00:25:43Z,280926,39
914,[던파나 하자] 연인편,V3CZspS2LqI,2016-11-14T01:44:38Z,347123,34
915,[던파나 하자] 휴가편,0IYNXxqGaIo,2016-11-12T09:59:50Z,459739,43
916,[던파나 하자] 추격편,yAe5191Xzkw,2016-11-10T06:06:32Z,289063,32
917,[마계역사특강] CHAPTER 3. 루크와 검은 악몽,oalnW3zZJB0,2016-11-03T01:05:00Z,14995,95
918,[마계역사특강] CHAPTER 2. 마계와 루크,qWjSdZnaBjo,2016-10-27T01:00:23Z,17449,73
919,[마계역사특강] CHAPTER 1. 마계와 창신세기 - 2부,uGXg09C4g4Y,2016-10-20T08:09:54Z,15462,82
920,[마계역사특강] CHAPTER 1. 마계와 창신세기 - 1부,jsJdmD1dSns,2016-10-20T08:09:50Z,19461,112
921,Season 5. 마계 프리퀄 [루크 추적기 4화] - 현혹,FMaLj5iBQ-M,2016-10-20T06:35:18Z,47809,157
922,[던파OST] 컬쳐어택 Act. 5 던파 라이브 콘서트 2부,kl0ZXC7h_uQ,2016-10-18T09:59:41Z,55282,244
923,[던파OST] 컬쳐어택 Act. 5 던파 라이브 콘서트 1부,_xBuk_g-4Qw,2016-10-18T09:58:51Z,57764,375
924,[던파OST] 던파 라이브 콘서트_메이킹 영상,POL_A5cWsNw,2016-10-18T07:25:52Z,8569,27
925,[컬쳐어택 Act 5] 던파 라이브 콘서트 - 히든 게스트,dVlXVwLZLTE,2016-10-14T01:10:47Z,15664,103
926,시즌 5 Act 1. 건설자 루크,2lk8xXNQ7R4,2016-10-12T09:14:57Z,195100,157
927,Season 5. 마계 프리퀄 [루크 추적기 3화] - 헤일리,pVIL7FVBhS4,2016-10-06T01:00:48Z,51476,149
928,Season 5. 마계 프리퀄 [루크 추적기 2화] - 붉은 마녀,_hCD6QrYsM4,2016-09-22T01:01:23Z,83214,227
929,Season 5. 마계 애니메이션 [15초],3KgRwkkBgLw,2016-09-01T01:38:38Z,1078954,54
930,Season 5. 마계 프리퀄 [루크 추적기 1화] - 검은 악몽,UippsrXwD-s,2016-09-01T01:32:44Z,50027,172
931,Season 5. 마계 애니메이션 공개!,Wmhq18w0-HI,2016-09-01T01:01:24Z,189746,391
932,시즌 5. 마계 프로모션 영상,x1wPjXs90W0,2016-09-01T00:06:26Z,104706,161
933,[시즌 5. 마계] 뱀파이어 로드 플레이 영상,vyvAMENp5Ec,2016-09-01T00:06:26Z,148717,79
934,[시즌5 마계] 아이올로스 플레이 영상,B-_hRbHCMFM,2016-09-01T00:06:26Z,119289,88
935,[시즌 5. 마계] 어센션 플레이 영상,2fm7QlqipHU,2016-09-01T00:06:26Z,161456,122
936,"Season 5. 마계, Coming soon",y84iT8pOVWM,2016-08-25T06:26:55Z,443571,65
937,[던파] 결투장 시즌4 가이드,-VD9au2uBEI,2016-08-12T07:07:33Z,3422,11
938,Act 21 외전. 결투장 시즌4 프로모션 영상,9yfJ831rkCY,2016-08-10T10:02:42Z,29177,23
939,[던파 11주년 기념] 9로니클 송,09hHik7YKOM,2016-08-05T01:09:18Z,31812,107
940,던전앤파이터(던파) 총력전 토너먼트 4강 & 결승전,TY6qCyO4oh0,2016-07-25T04:59:19Z,20106,38
941,성우 남도형의 남다른 남법사 성우쇼!,Jb79i1nPmqs,2016-07-20T07:16:45Z,81527,648
942,성우 남도형의 남법사 녹음 인터뷰,7flJOCYm3g8,2016-07-20T07:16:28Z,57108,552
943,[남마법사 CF] 다섯 레인저 출동!,TGp_rSUKoSU,2016-07-15T10:03:58Z,787218,299
944,[Act 21. 다섯 개의 심장] 스위프트 마스터 플레이 영상,cz1OyT1ZfIY,2016-07-13T09:09:01Z,114532,82
945,[Act 21. 다섯 개의 심장] 블러드메이지 플레이 영상,IYdMhik4G8Y,2016-07-13T09:09:01Z,119593,107
946,[Act 21. 다섯 개의 심장] 디멘션워커 플레이 영상,Uf8eKos2gyI,2016-07-13T09:08:45Z,112338,87
947,"[Act 21. 다섯 개의 심장] 스위프트 마스터 1차 각성, 스톰브링어",YJsizc0c--A,2016-07-13T09:08:34Z,62019,27
948,"[Act 21. 다섯 개의 심장] 디멘션워커 1차 각성, 이레귤러",H37mEZntRbE,2016-07-13T09:08:21Z,80045,27
949,"[Act 21. 다섯 개의 심장] 블러드 메이지 1차 각성, 뱀파이어",-ikiUhwMemk,2016-07-13T09:08:03Z,92177,39
950,[Act 21. 다섯 개의 심장] 프로모션 영상,U63ZO61kPu8,2016-07-13T09:07:44Z,216048,405
951,2016 던전앤파이터(던파) 총력전 토너먼트 8강 명경기,2i_jJHeXLwU,2016-07-13T05:39:56Z,11832,16
952,2016 던전앤파이터(던파) 총력전 토너먼트 16강 명경기,C81NSrgNnbw,2016-07-07T02:22:56Z,14925,25
953,[던파OST] Fly High (Vocal By Raon Lee),NInrFWfVgQw,2016-07-05T06:12:31Z,66908,335
954,[시즌서버 CF] 액션 좋아해? 던파로 느껴봐!,8l-YQb7yIf8,2016-06-23T03:20:48Z,11973,50
955,[Act 20 외전. 각성 안톤: 끝없는 전쟁] 프로모션 영상,DWxfgr9pam4,2016-06-22T11:55:23Z,77276,35
956,[던전앤파이터]시즌서버 가이드 영상,G6rOlA9Qk7Q,2016-06-22T08:53:14Z,6468,19
957,[던전앤파이터] 캐릭터 시네마틱 영상 - 귀검사(여),EFMzEx4HJJ8,2016-06-16T00:52:32Z,164982,265
958,DNF 2016 SUMMER UPDATE,hUVlLKrnfxg,2016-06-15T06:51:41Z,13369,41
959,던파 세계관 시네마틱 영상,nOq-qjTv8aA,2016-06-03T09:57:38Z,14614,46
960,[Act 20. 자각] 크리에이터플레이 영상,3AmBCd8Hgac,2016-05-18T08:02:17Z,113991,61
961,[Act 20. 자각] 다크나이트 플레이 영상,SmWlmAsEXWI,2016-05-18T08:02:01Z,154305,102
962,[Act 20. 자각] 프로모션 영상,5bEKzQA4xm0,2016-05-18T08:01:45Z,144105,127
963,2016 만우절도 던전앤파이터와 함께!,FGE786ILmY8,2016-03-31T01:51:12Z,48493,105
964,[VR] 천지를 뚫다. 마창사 2차 각성 소개 영상,P2n6F2YB91I,2016-03-23T02:09:21Z,60468,98
965,[Act 19. 천지를 뚫다] 듀란달 플레이영상,ZMoIuu7K4VI,2016-03-21T14:55:14Z,189223,178
966,[Act 19. 천지를 뚫다] 워로드 플레이 영상,MGL-u4aH1pM,2016-03-21T14:55:14Z,133704,85
967,"던파 11주년 특별 기획 - 시그날 (1, 2, 3화 최종 공개!)",O8Js44cN5-0,2016-03-21T05:23:38Z,6370,14
968,던파 11주년 특별 기획 - 시그날(1화/2화 공개!),scS7LZLb9Aw,2016-03-18T10:05:07Z,8386,21
969,던파 11주년 특별 기획 - 시그날 (티저),tRjcicPdbVY,2016-03-17T09:18:19Z,9754,22
970,[Act 19. 천지를 뚫다] 프로모션 영상,61HKeQwAfCo,2016-03-17T09:17:44Z,111431,174
971,[던파] 에픽 무기 항아리를 여는 출석체크 이벤트!,mIZ7naFyk2k,2016-02-25T01:12:00Z,16776,37
972,[던파] 그래픽 업그레이드,SXXNPBuWhnc,2016-02-19T02:14:07Z,18928,23
973,[Act 18. The treasures hunter : 흑요정 유적지] 프로모션 영상,e-eS-HvPMnE,2016-02-19T02:05:02Z,53154,58
974,[Act 17 외전. 길드의부름] 프로모션 영상,wxvMWEo5Z_I,2016-02-16T07:02:41Z,44042,41
975,[던파] 세리아재의 윤디런,u3Xg9VL9Obs,2016-02-04T06:43:58Z,6009,31
976,[Act 17. 마창의 주인] 하이랜더 각성기,shLDAcJLTro,2016-01-19T08:56:02Z,113993,16
977,[Act 17. 마창의 주인] 레버넌트 각성기,1pKe4uUzMCw,2016-01-19T08:56:02Z,130453,16
978,마창사 전직 뱅가드 스킬 콤보 1,P0uOTBz7Pg0,2016-01-19T06:26:36Z,24985,5
979,마창사 전직 뱅가드 스킬 콤보 2,5IDvPlKymPk,2016-01-19T06:26:22Z,21794,4
980,마창사 전직 뱅가드 스킬 콤보 3,t5b-s30rRP8,2016-01-19T06:26:05Z,20307,7
981,마창사 전직 듀얼리스트 스킬 콤보 1,qKEmW0P_QJs,2016-01-19T06:25:42Z,24384,5
982,마창사 전직 듀얼리스트 스킬 콤보 2,YtaVK1W0rxw,2016-01-19T06:25:24Z,22629,6
983,[Act 17. 마창의 주인] 프로모션 영상,Viy5OQM5AX0,2016-01-19T06:24:59Z,119582,116
984,[Act 17. 마창의 주인] 듀얼리스트 플레이 영상,_CSYpAWVcxM,2016-01-19T06:24:28Z,140259,44
985,Act 17. 마창의 주인 UPDATE!,X85bvzpcqm4,2016-01-19T06:23:49Z,47654,17
986,마창사 전직 듀얼리스트 스킬 콤보 3,D9gWn8n1v-Q,2016-01-19T06:22:40Z,20673,5
987,[Act 17. 마창의 주인] 뱅가드 플레이 영상,JQV8Pw74_yM,2016-01-13T10:29:28Z,157822,82
988,[던파OST] 마창사 테마곡 Crack is over (feat.Raon Lee),Skgxe7qEZUE,2016-01-07T01:02:47Z,334492,1286
989,[던파] 이애란 - 던파인생,XkFU2lDapzc,2015-12-24T10:15:45Z,104054,300
990,던파인생 뮤직비디오 teaser,UEls8cIT504,2015-12-24T10:03:34Z,9764,18
991,[던파OST] DnF 'Piano',xclQxgZwMOs,2015-12-24T01:08:46Z,105718,818
992,[Act 16. 차원을 달리는 소녀] 마신 플레이 영상,wUeipnnnrwo,2015-12-16T09:46:17Z,152563,66
993,[Act 16. 차원을 달리는 소녀] 가이아 플레이 영상,Gfa0rczNlQA,2015-12-16T09:46:05Z,135122,61
994,[Act 16. 차원을 달리는 소녀] 프로모션 영상,hrfqAI-RFPg,2015-12-16T09:45:56Z,124653,125
995,[던파OST] DnF 'Vocal Collection',1eRGrB8kyoU,2015-12-15T05:18:07Z,359818,2429
996,[던파OST] 요조 - 늘 그랬듯,Fi6xB7cHlZ0,2015-12-15T05:17:56Z,25401,149
997,[던파OST] 레쉬폰(Leshphon) M/V,KxtxGyEmkYM,2015-12-15T05:17:45Z,750749,5794
998,[던전앤파이터] 도전을 모아 희망을 나눠요,dqZNzB-3Y0g,2015-11-06T10:55:41Z,5987,37
999,[Act 15 외전. 점령대전] 프로모션 영상,AiRyuxNoNUI,2015-10-07T09:03:03Z,57336,29
1000,[Act 15 여신의 검] 프로모션 영상,WRZuzxKn8JY,2015-09-16T10:31:54Z,185290,286
1001,[Act 15. 여신의 검] 검제 플레이 영상!,MEdmuVoJ4lA,2015-09-16T10:08:40Z,149143,129
1002,[Act 15. 여신의 검] 디어사이드 플레이 영상!,Xtq-nrOS0dA,2015-09-16T10:08:40Z,128407,118
1003,[Act 15. 여신의 검] 네메시스 플레이 영상,dwPUbpQZnEQ,2015-09-16T09:55:19Z,132839,123
1004,[Act 15. 여신의 검] 마제스티 플레이 영상,cmdFehTrlh0,2015-09-16T09:53:37Z,149031,116
1005,[Act 14. 심연의 끝] 이터널 플레이 영상,TGzpfmHntCA,2015-08-26T08:46:19Z,76923,52
1006,[Act 14. 심연의 끝] 오블리비언 플레이 영상,bhEiWVeQ9-A,2015-08-26T08:46:11Z,81852,74
1007,[Act 14. 심연의 끝] 프로모션 영상,fdk8jCeoDfs,2015-08-26T08:46:01Z,106905,271
1008,[던파 열풍 CF 풀버전] 열받은 허셰프! 본 때를 보여주마!,x4BfUeR2vYE,2015-08-17T08:27:04Z,139294,48
1009,[던파 열풍 TVCF] 허셰프! 열 받았다!!,GM_8u5dEi6g,2015-08-14T01:03:18Z,1471,10
1010,[던파 열풍] 프로모션 영상,92h-zmBZk2Q,2015-08-14T01:03:18Z,42601,20
1011,[던파 열풍 CF 2편] 허셰프! 본 때를 보여주다!,IHjEIwq0k7E,2015-08-14T01:03:18Z,33104,16
1012,[가이드] 격투가(남) - 넨마스터 추천 스킬,OlXF1cB7C3g,2015-08-10T01:29:51Z,8893,16
1013,[가이드] 격투가(남) - 스트라이커 결투장 추천 콤보,lwD--f8KORg,2015-08-10T01:29:35Z,25342,85
1014,[가이드] 격투가(남) - 넨마스터 결투장 추천 콤보,bTZZQBydVfQ,2015-08-10T01:29:21Z,7139,22
1015,[가이드] 격투가(남) - 스트라이커 추천 스킬,uQxJVsz7Zd8,2015-08-10T01:29:04Z,17797,30
1016,[던파 열풍 CF] 허셰프! 열 받았다!!,kNHjONEGLqk,2015-08-07T10:57:55Z,318204,40
1017,[던파 10주년 열파참] 업데이트 발표 영상,eHPMMJopX0E,2015-07-31T08:49:50Z,23622,104
1018,스트라이커(남) 2차 각성: 패황 플레이 영상,dh6lFJCyuJg,2015-07-16T01:08:02Z,95297,68
1019,넨마스터(남) 2차 각성: 염황 광풍제월 플레이 영상,UO81GJH_9Bs,2015-07-16T01:07:46Z,83028,60
1020,[Act 13. 남자의 싸움 #2] 프로모션 영상,u20PSlSZj7Q,2015-07-16T01:07:32Z,113939,186
1021,[가이드] 격투가(남)-그래플러 결투장 추천 콤보,90rUEk89A9A,2015-06-25T07:10:55Z,14147,34
1022,[가이드] 격투가(남) - 그래플러 추천 스킬,aMOamfEuLp8,2015-06-25T07:10:28Z,7502,14
1023,[가이드] 격투가(남) - 스트리트파이터 추천 스킬,fnPAsU6_IeI,2015-06-25T07:10:14Z,7563,18
1024,[가이드] 격투가(남) - 스트리트파이터 결투장 추천 콤보,8PujG1IZII0,2015-06-25T07:09:58Z,19705,57
1025,[Act 13. 남자의 싸움] 프로모션 영상,e7X32Scu07U,2015-06-17T07:20:40Z,123553,289
1026,스트리트파이터(남) 2차 각성: 명왕 플레이 영상,J_O7gpfWOCs,2015-06-17T07:20:40Z,118000,99
1027,그래플러(남) 2차 각성: 그랜드 마스터 플레이 영상,pTiethsF-HM,2015-06-17T07:20:40Z,103233,82
1028,[던파채널 D] 이름하야~ 열.파.참!,AqVQhXk1H5E,2015-06-05T01:29:58Z,164469,110
1029,Act 12 외전. 결투장 시즌3!,CvFoAN_lCrE,2015-06-04T02:33:05Z,18773,31
1030,액션토너먼트 2015 Season 2,hTZVn_xv4pA,2015-06-04T00:02:28Z,20505,8
1031,[던전앤파이터X천호식품] 던파와 산수유가 남자에게 좋은 이유[5편],MLUdKnZUoIw,2015-05-19T00:55:30Z,10711,14
1032,[던전앤파이터X천호식품] 난 양파를 깔 테니 던파를 깔아라 [4편],sr322AznWls,2015-05-19T00:55:30Z,3927,8
1033,[도적 2차 각성] 시라누이 플레이 영상,kYbZPW5vBU4,2015-05-14T08:05:40Z,76407,42
1034,[도적 2차 각성] 사령술사 가이드,Vy70Od4KhAA,2015-05-14T08:05:40Z,58283,46
1035,[도적 2차 각성] 알키오네 플레이 영상,xi6I-cTEl2U,2015-05-14T08:05:40Z,76617,49
1036,[도적 2차 각성] 로그 가이드,jeinXs_IWXo,2015-05-14T08:05:40Z,55057,49
1037,[도적 2차각성] 그림리퍼 플레이 영상,_nn0nYEtrTU,2015-05-14T08:05:40Z,89019,53
1038,[도적 2차 각성] 쿠노이치 가이드,pdj5QC70Qf8,2015-05-14T08:05:39Z,58595,44
1039,[도적 2차 각성] 타나토스 플레이 영상,3I6d4upgkHo,2015-05-14T08:05:39Z,86802,58
1040,[던전앤파이터X천호식품] 도라지먹고레이드돌아야지 [3편],2e1ZSfs75EU,2015-05-11T01:32:18Z,7541,20
1041,[도적 2차 각성] 프로모션 영상 공개!,1zMjY0xSwzY,2015-05-07T03:47:12Z,159971,302
1042,[인터뷰] 던전앤파이터 디렉터를 만나다!,ENeHXDv6Pmg,2015-05-07T03:47:12Z,28436,49
1043,[던전앤파이터X천호식품] 진짜 좋은데 표현할 방법이 없네! [2편],RUvx6zEuato,2015-05-06T05:41:52Z,13284,18
1044,[던전앤파이터X천호식품] 참좋은데 표현할 방법이 없네! [1편],rwgOPfVXCTU,2015-04-30T01:12:57Z,43964,52
1045,[여격투가 도트 개편 CF] 그녀가 달라졌다?!,LMkQ8a-2-zg,2015-04-09T01:04:17Z,65878,75
1046,던파 19禁 버전 드디어 나오나?,Kur03jabhGg,2015-04-01T06:58:25Z,631113,362
1047,"Act 11 외전. 안톤, 반격의 시작",5NFzVCWGcNo,2015-03-11T09:43:04Z,21415,42
1048,에어리어 시네마틱 영상 - 젤바,h5TxOkJfrnM,2015-02-27T05:08:06Z,40159,56
1049,에어리어 시네마틱 영상 - 베히모스,4NHBcOSByKs,2015-02-27T05:06:37Z,21084,34
1050,에어리어 시네마틱 영상 - 북의쉼터,TqV963RQayc,2015-02-27T05:06:34Z,13885,15
1051,에어리어 시네마틱 영상 - 겐트,AdOkUUqEO9M,2015-02-27T05:06:31Z,13105,26
1052,에어리어 시네마틱 영상 - 루프트하펜,jwoNDh9OPj8,2015-02-27T05:06:28Z,13430,24
1053,에어리어 시네마틱 영상 - 쇼난,OudviipxXc8,2015-02-27T05:06:26Z,14681,23
1054,에어리어 시네마틱 영상 - 슬라우공업단지,WSS2-zETkAc,2015-02-27T05:06:21Z,18492,25
1055,에어리어 시네마틱 영상 - 실버크라운,A5F0mXbCKVg,2015-02-27T05:06:11Z,14226,17
1056,에어리어 시네마틱 영상 - 시궁창,dRhuPMVEEoo,2015-02-27T05:06:09Z,22966,26
1057,에어리어 시네마틱 영상 - 언더풋,74kyDIEXz0w,2015-02-27T05:06:02Z,12990,24
1058,[섀도우 댄서] 조신한 섀도우 댄서 가이드 [3편],f91INwS6HNc,2015-02-26T05:56:51Z,70914,43
1059,[섀도우 댄서] 조신한 섀도우 댄서 가이드 [2편],pPxKOK7qG8Q,2015-02-26T05:56:51Z,82911,30
1060,[섀도우 댄서] 조신한 섀도우 댄서 가이드 [1편],_xa8FDOmuIw,2015-02-26T05:56:51Z,19437,29
1061,[섀도우 댄서] 각성 나이트메어 영상,wlO52NjFOMk,2015-02-17T07:08:05Z,36196,15
1062,[섀도우 댄서] 플레이 영상,UXmUwwtfc0A,2015-02-17T07:08:05Z,105380,155
1063,[섀도우 댄서] 프로모션 영상,LDmN-_b0eKQ,2015-02-17T07:07:46Z,72449,195
1064,액션토너먼트 2015 WINTER 결승전 예고,x59A4Vm1yB4,2015-02-13T08:02:50Z,12644,28
1065,[여거너 2차 각성] 스톰트루퍼 플레이 영상,ld4SbKU78H8,2015-01-23T06:17:55Z,63702,52
1066,액션토너먼트 3주차 개인전 다시보기,cuw0RQYy9m0,2015-01-23T06:17:21Z,7459,34
1067,[프로모션] 죽은 자의 성 애니메이션,3e7Fj6vSlQ8,2015-01-23T06:05:09Z,134035,343
1068,액션토너먼트 2015 WINTER 3주차 하이라이트,BG0wXK2CYUc,2015-01-20T10:00:50Z,6663,28
1069,[차원의 균열] 프로모션 영상,EZW-jqUrxqg,2015-01-05T03:20:40Z,36849,100
1070,[여거너 2차 각성] 크림슨 로제,6qmIFKMI5ng,2014-12-11T02:24:14Z,83871,57
1071,[여거너 2차 각성] 프레이야,cVIsZNxNiII,2014-12-11T02:24:14Z,101720,84
1072,[여거너 2차 각성] 스톰트루퍼,q-cJJ1nccMM,2014-12-11T02:24:14Z,80214,46
1073,[여거너 2차 각성] 옵티머스,7ZJTYUYCmy8,2014-12-11T02:24:14Z,77256,50
1074,[여거너 2차 각성] 프로모션 영상,O8AuIFr1Jeg,2014-12-11T02:24:14Z,114496,337
1075,[던파페스티벌] 겨울 업데이트 소개 영상,A663VeefinE,2014-12-10T02:47:53Z,27531,85
1076,퍼즐던파 2.0 업데이트,BRnGQrNYYpo,2014-12-03T08:01:06Z,17471,12
1077,2014 DNF F1결투천왕대회!,8oC957fVPio,2014-11-28T05:49:33Z,26508,75
1078,액션토너먼트 2014/15 WINTER,DoS-e5GjX0c,2014-11-10T03:40:16Z,18837,12
1079,[프리스트 2차 각성] 태을선인 플레이 영상,DjZT_LO6q94,2014-10-22T07:03:26Z,153443,80
1080,[프리스트 2차 각성] 태을선인 &이모탈 공개!,RLk_f7Zq2Mk,2014-10-22T07:03:26Z,131617,212
1081,[프리스트 2차 각성] 이모탈 플레이 영상,ULG4W7XQQqM,2014-10-22T07:03:14Z,173225,130
1082,[프리스트 2차각성] 세인트 플레이 영상,cCoFEDIPAr4,2014-09-24T09:30:25Z,183117,103
1083,[프리스트 2차각성] 저스티스 플레이 영상,ecRVIFXY2Hk,2014-09-24T09:30:09Z,215002,154
1084,[프리스트 2차 각성] 세인트 & 저스티스 공개!,tUvM2bFAIX8,2014-09-24T09:29:45Z,233187,233
1085,[던파] 여마법사 2차각성 공개!,_6e1hpUgXk8,2014-08-29T03:20:19Z,138371,85
1086,[여마법사 2차각성] 업데이트 소개 영상,dS7Ppv93kCk,2014-08-21T06:41:00Z,176537,161
1087,심해탈출: 반격의 서막,p7ndiOn0wtI,2014-08-20T06:55:56Z,110206,30
1088,[여마법사 2차각성] 오버마인드 플레이 영상,N8xkkmSFwHQ,2014-08-12T08:08:20Z,165975,51
1089,[여마법사 2차각성] 지니위즈 플레이 영상,bJz4NctQBVI,2014-08-12T08:08:20Z,151883,54
1090,[여마법사 2차각성] 아슈타르테 플레이 영상,Sm92KFRswXo,2014-08-12T08:08:20Z,193218,77
1091,[여마법사 2차각성] 이클립스 플레이 영상,Jjz-JrzlKeM,2014-08-12T08:07:46Z,178280,51
1092,[던파] 사유리가 간다!,7cM535IzYqY,2014-07-18T08:16:50Z,42515,111
1093,[던파] 쿠노이치 업데이트 소개 영상,ZDpo3zz_wmA,2014-07-10T02:32:01Z,45123,76
1094,[던파] 쿠노이치 CF,z1sd0WTWsJk,2014-07-09T01:36:32Z,552357,592
1095,[던파] 진세연의 퍼즐던파 CF,2gNpMK6tCLg,2014-07-01T08:33:29Z,295697,80
1096,[던파 썸타다] 진세연의 여름 업데이트 소개 영상!,X-uhfcbeOU4,2014-06-25T10:01:32Z,46563,140
1097,[던파] 손끝쾌감!! 퍼즐던파를 즐겨보세연!,a-TbBPagL6Y,2014-06-25T08:22:41Z,6199,31
1098,[던파OST] BLACK OCEAN (Anton theme) - DnF SYMPHONY OST 'WORLD',W_wROeQX-78,2014-06-19T03:00:09Z,173829,819
1099,[던파OST] DnF Symphony OST (Teaser),mWs03iv3Iyw,2014-06-12T05:25:47Z,78276,208
1100,던전앤파이터 나이트워킹 현장스케치,c2czxGD9y30,2014-05-29T03:49:42Z,5644,13
1101,[던파] 시즌4 외전. 이계人 업데이트 영상,lbOIINRbljI,2014-05-29T03:48:35Z,15110,17
1102,[던파] Act4. 외전. 거대 드래곤 등장,PtELC0Q-D0A,2014-05-21T07:36:41Z,30268,27
1103,레이븐: 패스트 드로우,FF4ynXmB4jg,2014-05-08T08:31:22Z,253952,28
1104,프라임: HS 1,tYM1rhiu35k,2014-05-08T08:31:12Z,220617,15
1105,커맨더: 데인저 클로즈,_gHE3qzhnVE,2014-05-08T08:30:59Z,224394,26
1106,디스트로이어: 사이즈믹 웨이브,Li37pMCpyOA,2014-05-08T06:51:30Z,337613,16
1107,[던파] Act 4. Reload! 대규모 업데이트 영상,SqA9GmutBUE,2014-05-08T06:50:54Z,97471,142
1108,[던파] 안톤의 실체가 드러나는가?,t_xLvYEI2mQ,2014-03-27T01:15:58Z,60887,53
1109,[던파] 별에서 온 오바 밸런스,sJI-znS8qTQ,2014-03-27T01:15:33Z,75245,53
1110,[나이트] 전직 카오스 플레이 영상,odDQZwuwuig,2014-03-12T08:40:54Z,33610,17
1111,[나이트] 카오스 각성 마왕 소개 영상,QuveQ6Afs8M,2014-03-12T08:40:41Z,36354,12
1112,[던파] 신봉선 카오스 소개 영상,EDqfor1r6Qw,2014-03-12T08:40:14Z,66199,78
1113,[던파] 던파걸 아이유가 소개하는 결투장 시즌 2!,O67544pqaMo,2014-02-19T08:07:40Z,36211,150
1114,아이유와 봉선이 크리쳐 이벤트 소개,OWhroxvRvCg,2014-02-13T01:44:20Z,12480,52
1115,아이유의 잊혀진 땅 업데이트 소개,yLIzpTDKuss,2014-02-05T09:01:45Z,37579,197
1116,[나이트] TV CF 신봉선 번외편 공개!,i_SXsg33ELY,2014-02-05T06:12:09Z,137307,36
1117,[나이트] TV CF 현장 스케치&인터뷰 영상,hyEhnnnbb84,2014-01-24T01:33:55Z,33155,199
1118,[나이트] 아이유! 나이트 TV CF 풀 버전 공개!,v_bpV-i0BCo,2014-01-23T01:00:44Z,548120,1039
1119,[던파] 아이유와 함께하는 나이트 인터뷰 영상,b_vMfB7Ughw,2014-01-17T03:21:50Z,8985,52
1120,[나이트] 아이유가 함께한 나이트 CF 티징 영상!,Oj3LSuLmrTo,2014-01-16T04:21:34Z,32886,209
1121,시즌4 Act1. 차원이 다른 그녀 업데이트 소개 영상,efiemKHGDqc,2014-01-16T03:41:53Z,41642,59
1122,시즌4 Act1. 차원이 다른 그녀 업데이트 소개 영상,4bNnhIpO1QE,2014-01-15T11:43:46Z,28686,36
1123,[나이트] 전직 엘븐나이트 플레이 영상,IY3MAbSqaqw,2014-01-09T06:29:18Z,191269,43
1124,[엘븐나이트] 피스메이커 각성기 영상,P6QpkIu8bGg,2014-01-09T06:29:07Z,16901,12
1125,[DNF] 서유리가 공개하는 나이트!?,um_u0ADDYx8,2014-01-09T06:28:52Z,18981,28
1126,[신규캐릭터] 나이트(KNIGHT) 프로모션 영상,8rjVM4If4O8,2013-12-07T09:47:58Z,135545,125
1127,[신규캐릭터] 나이트(KNIGHT) 전직 애니메이션,qPh5x0W6cvQ,2013-12-07T08:49:54Z,101751,79
1128,DNF 한-중 F1 결투천왕대회 예고!,WiTEZTAYp7U,2013-11-28T04:34:53Z,16078,13
1129,2013 던파 페스티벌 THE MATCH 축하 메시지 영상,9S5MIMY1lKs,2013-11-21T03:43:52Z,64351,19
1130,[DNF] 홍세라의 미친가이드 5편,kprx0HAn0Yk,2013-09-30T10:23:21Z,4795,16
1131,[DNF] 홍세라의 미친가이드 4편,DnAgoOW9Mv4,2013-09-26T10:16:16Z,6418,10
1132,[DNF] 홍세라의 미친 가이드 2편,9v9uqquL_Q0,2013-09-17T06:28:44Z,4727,9
1133,[DNF] 홍세라의 미친 가이드 3편,D1cyqKE1A64,2013-09-17T06:21:21Z,4124,8
1134,[DNF] 홍세라의 미친 가이드 1편,qvkSZU071NY,2013-09-13T06:12:01Z,6554,23
1135,[던파OST] 대전이 테마곡 '그 희망의 빛' 녹음현장,nRU_kY2VCPA,2013-09-10T03:31:27Z,26241,91
1136,[던파CF] 다시 시작되는 우리들의 이야기,TA9lOOo-Seg,2013-09-06T07:13:53Z,33628,48
1137,[대전이] 스토리 애니메이션 풀버전,qBE9jjKLEBY,2013-09-06T05:36:54Z,153517,407
1138,[대전이] 다크템플러 각성 - 암제,TSKiJJR93L0,2013-09-04T01:37:08Z,30418,10
1139,[대전이] 베가본드 각성 - 검호,173aBVycG0Q,2013-09-04T01:36:56Z,22113,15
1140,[대전이] 여귀검사 신규 전직 - 다크 템플러,Ofb_npys3wA,2013-09-04T01:36:41Z,52871,18
1141,[대전이] 여귀검사 신규 전직 - 베가 본드,qQ_s4wi1Yuw,2013-09-04T01:36:31Z,66501,24
1142,[프로모션] 대전이 업데이트,wC0zZmJNCJY,2013-09-04T01:36:12Z,35350,44
1143,[던파OST] Seria Gate (Piano),sfedMFj7ffY,2013-08-29T00:47:42Z,70135,520
1144,[던파OST] Character Select Stage (Piano),64Xz1rEipgA,2013-08-29T00:47:20Z,69580,542
1145,9/12 대전이 티징 영상,QXQ-Ls13ksw,2013-08-12T06:29:41Z,162904,34
1146,[던파OST] Leshphon (Piano),2B4dUnveizU,2013-08-08T02:13:57Z,136465,606
1147,[던파OST] Iris Song (Piano),WCRQBSn72SI,2013-08-08T02:13:45Z,59118,192
1148,[던파OST] Great Beginning (Piano),iEpQFPWrgxU,2013-08-08T02:13:15Z,53634,138
1149,격투가(여) 2차 각성 얼티밋디바,uLcSjSUKmIs,2013-08-07T05:21:51Z,69256,29
1150,격투가(여) 2차 각성 용독문주,Xi6Qwx1tJaE,2013-08-07T05:19:27Z,110289,48
1151,격투가(여) 2차 각성 카이저,-P0MZQctpF0,2013-08-07T05:12:16Z,74240,38
1152,격투가(여) 2차 각성 염제 폐월수화,AZR7T4DzcMw,2013-08-07T05:07:52Z,140672,56
1153,Act 4. 초월의 권 프로모션 영상,271V8mqsD0s,2013-08-02T05:01:18Z,145230,139
1154,[2013. 8. 10 던파마라톤] 던파 사상 최대 규모 업데이트 최초공개!,5z9U2pex_DI,2013-07-31T07:57:39Z,138184,11
1155,2013 던파마라톤: 나이트워킹 티징 영상,H_C9wefkH9M,2013-07-25T01:45:12Z,41106,14
1156,New Balance 3,O-KqxOECe1A,2013-07-16T09:06:23Z,6026,10
1157,New Balance 2,rAllEvOphLs,2013-06-19T05:48:59Z,8979,14
1158,NEWBALANCE UPDATE,n_NwtKjD_Ns,2013-05-22T08:19:58Z,19843,28
1159,마감임박! 던파 장미칼 패키지 3탄,wYrp9dnX2MQ,2013-05-07T03:35:51Z,9352,19
1160,파격 추가 구성! 던파 장미칼 패키지 2탄!,SDKNMhDwl9Q,2013-04-25T09:46:28Z,68981,67
1161,던파 5대 명검! 장미칼 패키지 1탄,Ll0VIvDwe3w,2013-04-23T08:00:29Z,405895,411
1162,액션! 알랑가몰라♬ 던전앤파이터,LB6CWwnKKW0,2013-04-19T05:14:30Z,5164,21
1163,[던파] 마을침공 스페셜: 위장자침공,KXdhmz_BYSc,2013-03-27T09:00:10Z,19407,17
1164,시즌 3. 스페셜업데이트 시간의 문 WARP,wZUrbGcP3OE,2013-03-08T06:34:08Z,8296,7
1165,퍼스트서버 코레조 디펜스 플레이영상,B-Ty0UzLH3M,2013-02-20T07:01:44Z,16049,7
1166,시즌 3 Act 3. 액션의 神 #2,ehNsUGaYOPw,2013-01-31T01:19:44Z,134939,136
1167,버서커 2차 각성 블러드 이블 플레이 영상,aDmaxXseMSQ,2013-01-31T01:19:35Z,94449,43
1168,아수라 2차각성 인다라천 플레이 영상,zfgdCJfhbMM,2013-01-31T01:19:25Z,74513,40
1169,"[던파] 인다라천 2차 각성 스킬 : 뇌신의 기운(지열, 부동 적용)",bQENKZJ8uQw,2013-01-23T01:11:03Z,121562,3
1170,[던파] 블러드 이블 2차 각성 스킬 : 레드로제,B6WZUzSS1Y8,2013-01-23T01:11:03Z,174707,13
1171,[던파] 블러드 이블 2차 각성 스킬 : 블러드 리븐,QVA-s7dwZyY,2013-01-23T01:11:03Z,176698,23
1172,[던파] 블러드 이블 2차 각성 스킬 : 블러드 붐,QNtcxybUhg0,2013-01-23T01:11:03Z,145948,10
1173,[던파] 인다라천 2차 각성 스킬 : 천뇌 바주라,n8WM8ImW3dg,2013-01-23T01:11:03Z,157050,4
1174,[던파] 인다라천 2차 각성 스킬 - 파동검 : 인다라망,rbvzPyUCF-M,2013-01-23T01:11:03Z,209679,13
1175,[던파] 인다라천 2차 각성 스킬 : 뇌신,HykjQ2n-UZE,2013-01-23T01:11:03Z,166359,17
1176,웨펀마스터의 2차 각성 검신,enkcU07lX2s,2013-01-16T05:35:08Z,90234,52
1177,소울브링어의 2차 각성 다크로드,5EwxjG8xntE,2013-01-16T05:29:14Z,91100,50
1178,Act 3. 액션의 神,FXaGyVF5SSw,2013-01-16T05:25:29Z,139118,130
1179,121231 DnF act2외전 로그in,z8l03XFML-A,2013-01-02T06:11:15Z,16455,7
1180,[겨울방학] 여귀검사 스토리 애니메이션 공개!,yT2bcnfspfs,2012-12-18T10:28:58Z,7804,16
1181,[겨울방학] 여귀검사 스토리 애니메이션 공개!,PTv_9P9FgMk,2012-11-18T10:12:03Z,19993,25
1182,[겨울방학] 여귀검사 전직 데몬 슬레이어!,j6X1BAm01Zo,2012-11-18T10:11:53Z,47807,24
1183,[겨울방학] 여귀검사 데몬 슬레이어 각성 검마 공개!,n2Y6ci1X4OM,2012-11-18T10:11:43Z,60916,17
1184,[겨울방학] 여귀검사 전직 소드마스터 공개!,K_rKQxskCC4,2012-11-18T10:11:27Z,48995,30
1185,[겨울방학] 여귀검사 소드마스터 각성 노블레스!,-ifOBiDHG8Y,2012-11-18T10:10:48Z,70439,25
1186,[이벤트] 좀비 바이러스 영상 공개!,993cZBbHp4M,2012-10-11T06:07:33Z,52188,25
1187,[이벤트] 트윈 레이드 공개 영상!,zlX36gRQcFE,2012-09-20T03:01:01Z,34938,20
1188,[시즌3 Act1. 이튼 공업 지대] 업데이트 동영상 공개!,116ozSONBK4,2012-08-29T05:58:07Z,25244,60
1189,[시즌3 외전.시간의 퍼밀리어] 업데이트 동영상 공개!,Lua2QIGGw5o,2012-08-14T07:38:25Z,34093,34
1190,[시즌3 외전.시간의 검사] 업데이트 동영상 공개!,vZSu9dZs1rY,2012-08-01T04:57:40Z,21166,30
1191,[여름방학] 외전캐릭터 시네마틱 영상 공개!,22le7iua1JA,2012-08-01T04:57:29Z,17348,35
1192,[시즌3.시간의 문] 업데이트 동영상 공개!,qJSziiOYdzk,2012-07-17T02:19:41Z,23104,50
1193,[여름방학] 기자간담회 현장 영상!,caRaiZ2TXpw,2012-06-22T09:10:17Z,27147,24
1194,[여름방학] 시간의 문 스토리 시네마틱 영상!,_p7bmvhx8I0,2012-06-22T09:08:37Z,24125,68
1195,[업데이트] 2012년 여름방학 업데이트 최초 공개!,bubhfGUqkfo,2012-06-22T05:20:36Z,6825,31
1196,[시즌2 Act10 외전.협공(協攻)] 업데이트 동영상 공개!,cq7-v0MnX8Q,2012-05-11T08:25:06Z,21238,13
1197,[시즌2 Act10.불사(不死)] 남마법사 애니메이션 풀 버전 공개!,B9sAEjhdiaM,2011-12-09T02:14:14Z,61426,114
1198,[시즌2 Act10.불사(不死)] 남마법사 업데이트 영상공개!,pyoyolStM5M,2011-12-02T02:58:30Z,18276,27
1199,[신규캐릭터] 남마법사 전직 빙결사 플레이 영상,bqcB_CjdR8o,2011-11-29T06:38:45Z,8486,22
1200,[신규캐릭터] 남마법사 전직 엘레멘탈 바머 플레이 영상,jitx7Sy2iZ8,2011-11-29T06:32:01Z,17093,25
1201,[티저공개] 겨울방학 업데이트 최초 공개 영상!,QWeh6UN0JiM,2011-11-29T06:20:12Z,4142,18
1202,[6주년] 던파의 여섯살을 축하하는 기념 영상!,NYdcHqkspJ8,2011-08-11T02:08:26Z,172359,1255
1203,[변신:變身] 2010년 여름 변신 이벤트 광고 영상,oFsUExobuZI,2011-07-09T09:29:24Z,4572,11
1204,[남격투가티저] 열혈남아 남격투가 티저 동영상,U8GyI4R48XQ,2011-07-09T09:27:23Z,4703,8
1205,[시즌2 act7. 열.혈.본.능] 남격투가 업데이트 영상,HLxhXrqRYng,2011-07-09T09:22:17Z,5543,8
1206,[시즌2 act8] 남격투가VS바칼 애니메이션,DbBBleb34MU,2011-07-09T09:19:24Z,169268,459
1207,[시즌2 act9] 한판 붙자! 업데이트 영상,dXLXVP0cNNw,2011-07-09T09:16:55Z,2124,6
1208,[던파혁신] TV 광고 영상,5oGvnbe5eoA,2011-07-09T09:02:20Z,5824,22
1209,[던파혁신] 업데이트 설명 영상,s2In2zqFOCA,2011-07-09T05:21:59Z,19380,48
1210,[던파혁신] 어벤저 플레이 영상,sVLJ5FjA6Gc,2011-07-09T05:16:34Z,23448,44
1211,[던파혁신] 절망의탑 플레이 영상,fftrF5NyeqM,2011-07-09T05:16:28Z,14914,16
1212,[던파혁신] 어벤저 애니메이션,0JqLoHoW_Qk,2011-07-09T05:11:09Z,121893,227
